Iteration;Time;QI-0;QI-1;QI-2;QI-3;QI-4;QI-5;QI-6;QI-7;QI-8;
2089;0,877;2;3;5;8;7;9;4;1;6
3589;1,006;1;1;4;1;2;5;1;1;3
5121;1,133;1;1;3;1;1;4;1;1;2
6621;1,374;1;1;4;1;3;1;1;1;2
8121;1,5;1;1;3;1;4;1;1;1;2
10158;1,677;8;2;6;1;3;5;7;1;4
11658;1,746;4;1;3;1;1;5;6;1;2
13158;1,818;3;1;5;1;1;4;2;1;1
14158;1,858;2;1;3;1;1;1;1;1;1
15178;1,899;1;1;2;1;1;3;1;1;1
16178;1,939;2;1;1;1;3;1;1;1;1
17678;2,004;4;3;1;1;2;5;1;1;1
19678;2,105;6;7;1;2;1;3;5;1;4
21178;2,176;1;2;1;1;1;5;3;1;4
22708;2,265;1;3;4;1;1;2;1;1;1
24208;2,332;1;4;2;1;1;1;1;1;3
25708;2,395;1;3;4;1;1;1;1;1;2
27208;2,458;1;3;1;1;2;4;1;1;1
29208;2,552;7;2;1;1;5;6;3;1;1
30708;2,617;4;1;1;1;2;5;3;1;1
31732;2,667;3;1;1;1;1;2;1;1;1
33232;2,728;1;1;2;1;3;4;1;1;1
34732;2,791;3;1;2;1;1;4;1;1;1
36232;2,854;4;3;1;1;1;2;1;1;5
37732;2,921;4;3;1;1;1;5;2;1;1
39232;2,984;3;2;1;1;1;1;4;1;1
40732;3,053;2;3;1;1;1;1;4;1;1
42768;3,151;3;6;4;1;1;7;2;5;1
44268;3,224;5;4;3;1;1;2;1;1;1
45768;3,293;3;4;1;1;1;2;1;1;1
47268;3,367;3;4;1;1;1;1;1;1;2
48768;3,446;3;4;1;1;1;1;1;1;2
50268;3,517;5;4;1;1;1;2;6;1;3
51768;3,584;3;4;5;1;1;1;6;1;2
53268;3,65;5;4;2;1;3;1;1;1;1
54795;3,768;2;3;1;1;4;1;1;1;1
56295;3,833;3;1;4;5;2;1;1;1;1
57795;3,897;4;1;3;2;1;1;1;1;1
59795;3,993;6;1;5;2;4;7;3;1;1
61295;4,077;6;1;4;1;3;2;5;1;1
62795;4,15;3;1;2;1;1;4;1;1;1
64295;4,214;4;3;2;1;1;5;1;1;1
65795;4,275;3;2;1;1;1;4;1;1;1
67295;4,344;3;4;2;1;1;5;1;1;1
68819;4,41;3;2;1;1;1;5;4;1;1
70319;4,475;5;4;1;1;1;2;6;1;3
71819;4,541;2;3;1;1;1;5;1;1;4
73319;4,6;4;1;1;1;1;2;1;1;3
74819;4,657;4;1;1;1;1;2;1;1;3
76319;4,739;2;4;3;5;1;6;1;1;1
77819;4,811;4;2;3;1;1;6;5;1;1
79319;4,869;4;1;3;1;1;2;5;1;1
80819;4,921;3;1;2;1;1;4;1;1;1
82319;4,995;1;1;4;1;3;5;1;1;1
83855;5,061;1;1;4;1;1;3;1;1;2
85355;5,128;1;1;5;3;2;1;1;1;4
86855;5,2;1;2;6;4;5;1;3;1;1
88355;5,272;1;5;1;4;3;1;2;1;1
89855;5,343;2;1;1;4;3;1;1;1;1
91355;5,41;1;2;1;3;4;1;1;1;1
92855;5,476;4;1;1;1;3;2;1;1;1
94355;5,542;5;1;1;3;2;4;1;1;1
95855;5,607;3;1;6;1;2;5;4;1;1
97355;5,673;4;1;2;1;1;5;3;1;1
98855;5,735;3;4;2;1;1;1;1;1;1
100387;5,8;2;3;1;1;1;4;1;1;1
101887;5,861;3;4;2;1;1;1;1;1;1
103387;5,923;4;5;6;1;1;2;1;1;3
105387;6,052;5;7;4;1;1;2;6;1;3
106887;6,158;2;1;4;1;1;1;5;1;3
107887;6,214;2;1;1;1;1;1;1;1;3
108887;6,273;3;1;1;1;1;1;1;1;2
109887;6,327;3;1;2;1;1;1;1;1;1
111387;6,42;2;1;5;1;1;3;1;1;4
113387;6,569;4;1;6;1;3;2;7;1;5
114887;6,73;2;1;5;1;3;1;4;1;1
115907;6,815;2;1;3;1;1;1;1;1;1
116907;6,919;3;1;1;1;2;1;1;1;1
117907;6,997;3;1;1;1;2;1;1;1;1
119407;7,113;2;1;3;1;4;1;1;1;1
121407;7,284;3;7;5;1;2;8;6;1;4
122907;7,348;1;4;3;1;1;2;5;1;1
124407;7,404;1;4;3;1;1;1;2;1;1
125907;7,459;1;2;1;1;1;4;3;1;1
127407;7,524;1;1;2;1;1;4;3;1;1
128907;7,628;2;4;3;1;1;5;1;1;1
130407;7,742;1;1;3;1;1;2;1;1;4
131934;7,866;2;1;1;1;1;3;1;1;4
133434;7,999;2;1;4;5;1;3;1;1;1
134934;8,159;4;1;3;1;1;5;2;1;1
136434;8,287;1;3;2;1;1;5;4;1;1
137934;8,453;1;4;3;1;2;1;1;1;1
138934;8,543;1;1;2;1;1;3;1;1;1
140434;8,684;1;1;1;1;2;4;1;1;3
141934;8,756;1;1;5;1;2;3;1;1;4
143434;8,847;2;1;3;1;6;5;4;1;1
144934;8,957;6;3;5;1;2;1;4;1;1
146434;9,011;4;3;2;1;1;1;1;1;1
147963;9,064;2;3;4;1;1;1;1;1;1
149463;9,114;1;3;2;1;4;1;1;1;1
150963;9,167;1;6;5;2;3;1;1;1;4
152963;9,244;1;7;6;2;4;5;3;1;1
154463;9,3;1;1;4;1;2;5;3;1;1
155463;9,334;1;1;2;1;1;3;1;1;1
156463;9,383;1;1;2;1;1;3;1;1;1
157963;9,471;2;1;3;1;1;4;1;1;1
159463;9,571;1;1;6;2;5;4;1;1;3
161463;9,668;1;1;6;5;3;7;4;1;2
162963;9,725;1;1;2;4;1;5;3;1;1
163979;9,762;1;1;2;1;1;3;1;1;1
164979;9,796;1;1;3;1;1;2;1;1;1
166479;9,849;3;1;2;1;1;4;1;1;1
167979;9,905;4;1;5;2;1;1;1;1;3
169979;9,998;3;5;4;7;6;1;2;1;1
171479;10,054;1;2;5;4;3;1;1;1;1
172979;10,1;1;3;2;4;1;1;1;1;1
174479;10,15;1;2;1;3;4;1;1;1;1
175979;10,202;1;1;2;4;1;3;1;1;1
177479;10,255;1;1;4;1;3;5;1;1;2
178979;10,311;2;1;3;1;1;5;4;1;6
180504;10,367;1;1;3;1;1;5;4;1;2
182004;10,419;1;3;2;1;1;4;1;1;1
183504;10,472;1;3;4;1;1;1;1;1;2
185004;10,525;1;1;2;3;1;4;1;1;1
186504;10,581;1;1;5;3;1;4;1;1;2
188004;10,638;5;1;4;6;1;2;3;1;1
189504;10,692;2;1;4;3;1;1;5;1;1
191004;10,745;3;1;2;4;1;1;1;1;1
192504;10,799;3;1;4;2;1;1;1;1;1
194004;10,852;2;4;3;1;1;1;1;1;1
195504;10,907;1;1;5;3;2;1;1;1;4
197032;10,964;1;1;5;2;1;4;6;1;3
198532;11,009;1;1;4;1;1;2;5;1;3
199532;11,041;1;1;3;1;1;1;1;1;2
201032;11,093;1;3;2;1;1;4;1;1;1
202532;11,149;1;5;4;1;1;2;1;1;3
204032;11,202;1;1;4;1;1;2;1;1;3
205532;11,259;1;1;6;1;3;2;5;1;4
207032;11,315;1;1;2;1;5;4;3;1;1
208032;11,35;1;1;2;1;1;3;1;1;1
209532;11,404;1;3;2;1;1;4;1;1;1
211032;11,457;5;4;3;1;1;2;1;1;1
212563;11,512;4;2;1;1;1;3;1;1;1
214563;11,588;1;6;4;3;1;7;5;1;2
216063;11,638;1;1;3;1;1;2;4;1;1
217563;11,686;1;2;1;3;1;4;1;1;1
219063;11,737;1;1;4;3;2;1;1;1;1
220563;11,787;1;1;3;2;1;4;1;1;1
222063;11,839;2;1;3;5;1;4;1;1;1
223563;11,899;1;1;4;2;1;5;6;1;3
225063;11,955;1;5;3;1;1;6;4;1;2
226563;12,009;1;4;3;1;1;1;1;1;2
228063;12,063;1;4;3;1;1;1;1;1;2
229586;12,12;1;1;2;1;4;3;1;1;1
231086;12,174;2;1;4;1;1;5;1;1;3
232586;12,231;1;1;6;3;1;2;5;1;4
234086;12,287;1;1;5;1;1;4;2;1;3
235586;12,347;1;1;4;1;1;2;1;1;3
237086;12,4;1;1;3;1;1;4;1;1;2
238586;12,452;1;1;4;1;2;1;1;1;3
240086;12,505;1;1;4;1;3;5;1;1;2
241586;12,571;1;1;6;2;1;3;5;1;4
243086;12,628;1;1;5;1;1;2;4;1;3
244586;12,68;1;3;2;1;1;4;1;1;1
246120;12,735;1;4;3;1;1;2;1;1;1
247120;12,775;1;1;2;1;1;3;1;1;1
248620;12,828;2;1;4;1;1;5;1;1;3
250120;12,883;5;1;3;1;1;6;4;1;2
251620;12,936;1;1;3;1;1;5;4;1;2
253120;12,989;1;3;2;1;1;4;1;1;1
254620;13,043;1;1;3;1;1;4;1;1;2
255620;13,077;1;1;2;1;1;3;1;1;1
257120;13,132;1;1;4;1;1;2;1;1;3
259120;13,208;1;1;5;4;6;7;2;1;3
260620;13,315;1;1;5;2;3;4;1;1;1
262149;13,435;1;5;4;1;3;2;1;1;1
263649;13,554;1;3;2;1;1;4;1;1;1
264649;13,605;1;1;3;1;1;2;1;1;1
265649;13,641;1;1;1;1;2;3;1;1;1
267149;13,699;2;1;5;1;3;1;6;1;4
268649;13,759;6;1;1;2;4;1;5;1;3
270149;13,813;1;4;1;2;5;1;1;1;3
271649;13,865;1;3;1;2;4;1;1;1;1
272649;13,898;1;1;1;2;1;1;1;1;3
274149;13,95;1;1;1;1;2;3;1;1;4
275649;14,007;1;1;3;5;1;6;4;1;2
277177;14,065;6;1;1;4;1;5;3;1;2
278677;14,118;5;4;1;1;1;2;1;1;3
280177;14,168;2;4;1;1;1;1;1;1;3
281177;14,202;1;1;1;1;1;3;1;1;2
282677;14,253;2;1;1;1;1;4;1;1;3
284177;14,309;2;1;5;1;1;6;4;1;3
285677;14,365;3;1;5;1;1;2;4;1;6
287177;14,42;1;4;3;1;1;5;1;1;2
288677;14,474;1;4;3;1;1;1;1;1;2
289677;14,508;1;1;3;1;1;1;1;1;2
291177;14,56;1;1;3;1;2;4;1;1;1
292705;14,617;1;1;3;1;1;5;4;1;2
294205;14,673;4;1;2;5;1;6;3;1;1
295705;14,727;2;4;3;1;1;5;1;1;1
297205;14,778;1;3;4;1;1;2;1;1;1
298205;14,81;3;1;1;1;1;2;1;1;1
299705;14,861;2;1;3;1;1;4;1;1;1
301205;14,914;2;1;3;1;6;1;4;1;5
302705;14,967;5;1;1;3;4;1;2;1;6
304205;15,019;1;4;1;3;5;1;1;1;2
305705;15,068;1;1;1;2;3;1;1;1;4
306705;15,101;1;1;1;1;3;1;1;1;2
308236;15,155;1;1;1;2;1;3;1;1;4
309736;15,211;1;1;2;5;4;6;3;1;1
311236;15,267;3;1;4;2;1;6;5;1;1
312736;15,32;2;5;4;3;1;1;1;1;1
314236;15,372;4;2;1;3;1;1;1;1;1
315236;15,404;3;1;2;1;1;1;1;1;1
316736;15,455;1;1;3;4;1;1;1;1;2
318236;15,511;4;1;3;1;6;1;5;1;2
319736;15,566;6;1;4;1;1;2;5;1;3
321236;15,621;1;4;3;1;1;5;1;1;2
322736;15,671;1;1;3;1;1;1;1;1;2
323751;15,708;1;1;2;1;1;3;1;1;1
325251;15,758;1;1;2;3;1;4;1;1;1
326751;15,815;1;1;5;2;1;6;3;1;4
328251;15,871;1;1;3;6;1;5;4;1;2
329751;15,925;1;4;3;2;1;1;1;1;5
331251;15,982;1;2;4;3;1;1;1;1;1
332251;16,014;1;1;2;3;1;1;1;1;1
333251;16,048;1;1;3;2;1;1;1;1;1
334751;16,107;1;1;3;4;5;1;2;1;1
336251;16,167;4;1;5;3;1;2;6;1;1
337751;16,222;4;2;1;3;1;5;1;1;1
339283;16,28;3;2;1;1;1;4;1;1;1
340283;16,314;3;1;1;2;1;1;1;1;1
341783;16,367;1;1;1;4;1;3;1;1;2
343283;16,426;4;1;1;2;1;3;6;1;5
344783;16,483;2;1;3;1;1;5;4;1;6
346283;16,537;2;5;4;1;1;1;1;1;3
347783;16,591;1;3;2;1;1;1;1;1;4
348783;16,626;2;1;1;1;1;1;1;1;3
349783;16,66;1;1;2;1;1;1;1;1;3
351283;16,718;4;1;5;1;2;1;6;1;3
352783;16,775;3;1;4;1;1;2;5;1;6
354310;16,833;5;3;2;1;1;4;1;1;1
355810;16,886;1;2;3;1;1;4;1;1;1
356810;16,921;1;1;3;1;1;2;1;1;1
357810;16,956;3;1;1;1;1;2;1;1;1
359310;17,013;3;1;4;2;1;6;5;1;1
360810;17,07;2;1;6;4;1;5;1;1;3
362310;17,127;2;1;5;4;1;6;1;1;3
363810;17,181;2;1;4;1;1;3;1;1;5
365310;17,235;4;1;3;1;1;1;1;1;2
366810;17,289;1;1;3;1;1;4;1;1;2
368310;17,345;2;1;3;1;1;6;4;1;5
369840;17,403;1;1;4;1;1;5;3;1;2
371340;17,472;1;4;3;1;1;5;1;1;2
372840;17,526;1;1;2;1;1;4;1;1;1
373840;17,585;1;1;1;1;1;3;1;1;2
374840;17,621;1;1;3;1;1;1;1;1;2
376340;17,676;1;1;5;1;1;4;3;1;2
377840;17,732;1;1;3;1;1;5;4;1;2
379340;17,788;1;3;4;2;1;5;1;1;1
380840;17,84;1;1;3;2;1;4;1;1;1
381840;17,886;1;1;3;1;1;2;1;1;1
382840;17,921;1;1;3;1;1;2;1;1;1
384372;17,977;1;1;2;4;1;5;3;1;1
385872;18,035;1;1;3;2;1;5;4;1;1
387372;18,089;1;3;2;1;1;4;1;1;1
388872;18,144;1;1;5;4;3;2;1;1;1
390372;18,246;1;1;3;2;1;4;1;1;1
391872;18,348;1;1;3;2;1;4;1;1;1
393372;18,455;1;1;4;2;1;3;5;1;1
394872;18,558;3;1;5;2;1;1;6;1;4
396372;18,67;2;3;5;1;1;1;1;1;4
397872;18,724;4;2;1;1;1;1;1;1;3
398872;18,759;2;1;1;1;1;1;1;1;3
400399;18,815;4;1;3;1;1;1;1;1;2
401899;18,873;1;1;3;1;2;6;4;1;5
403399;18,932;1;1;3;5;1;6;4;1;2
404899;18,99;1;1;2;5;1;4;1;1;1
406399;19,048;1;1;4;3;1;5;1;1;2
407899;19,102;1;1;4;2;1;1;1;1;3
409399;19,155;3;1;4;1;1;5;1;1;2
410899;19,213;3;1;4;1;1;6;5;1;2
412399;19,269;3;1;4;1;1;1;5;1;2
413899;19,324;4;2;1;1;1;1;1;1;3
415399;19,379;3;4;1;1;1;1;1;1;2
416930;19,477;2;1;3;1;1;1;1;1;4
418430;19,594;3;1;1;2;1;1;1;1;4
420430;19,747;3;1;5;4;7;2;6;1;1
421930;19,866;4;1;3;2;5;1;1;1;1
423430;19,983;1;4;2;3;5;1;1;1;1
424930;20,079;1;4;3;1;2;1;1;1;1
425930;20,144;1;1;1;3;2;1;1;1;1
427430;20,248;1;1;4;2;3;1;1;1;1
428930;20,377;1;1;2;1;4;3;6;1;5
430430;20,443;3;1;4;1;1;6;5;1;2
431930;20,498;2;3;4;1;1;5;1;1;1
433455;20,556;4;3;2;1;1;1;1;1;1
434455;20,59;1;1;2;1;1;3;1;1;1
435955;20,643;2;1;3;1;1;4;1;1;1
437455;20,699;5;1;3;4;1;6;2;1;1
438955;20,756;5;1;2;6;1;4;3;1;1
440455;20,81;5;4;3;1;1;2;1;1;1
441955;20,862;2;1;3;1;1;4;1;1;1
442955;20,896;2;1;3;1;1;1;1;1;1
443955;20,93;2;1;1;1;1;3;1;1;1
445455;20,985;2;1;5;1;1;3;4;1;1
446955;21,041;3;1;5;2;1;1;6;1;4
448482;21,1;3;4;5;2;1;1;1;1;1
449982;21,15;2;3;4;1;1;1;1;1;1
450982;21,182;1;1;2;3;1;1;1;1;1
451982;21,215;3;1;2;1;1;1;1;1;1
453482;21,268;5;1;3;1;1;2;4;1;1
454982;21,325;3;1;5;1;2;1;6;1;4
456482;21,378;3;5;1;1;2;1;1;1;4
457982;21,431;3;1;1;1;2;1;1;1;4
458982;21,464;2;1;1;1;3;1;1;1;1
460482;21,516;1;1;1;2;3;1;1;1;4
461982;21,573;3;1;1;1;5;2;6;1;4
463517;21,632;3;1;5;1;2;1;6;1;4
465017;21,686;4;3;1;1;5;1;1;1;2
466517;21,741;1;2;1;1;4;1;1;1;3
467517;21,775;2;1;1;1;1;1;1;1;3
469017;21,828;1;1;1;2;4;1;1;1;3
470517;21,884;4;1;1;3;2;1;6;1;5
472017;21,943;3;1;2;6;5;1;4;1;1
473517;21,996;5;1;2;3;4;1;1;1;1
475017;22,054;2;1;1;4;3;1;1;1;1
476517;22,115;2;1;3;1;4;1;1;1;1
478017;22,166;2;1;3;1;4;1;1;1;1
480049;22,248;4;1;6;1;5;2;7;1;3
481549;22,303;3;1;1;1;2;1;4;1;5
483049;22,356;2;4;1;1;1;1;1;1;3
484549;22,41;3;4;1;1;2;1;1;1;1
485549;22,444;2;1;1;1;3;1;1;1;1
487049;22,496;2;1;1;1;4;1;1;1;3
488549;22,552;3;1;4;5;1;1;6;1;2
490049;22,608;5;1;1;4;1;6;3;1;2
491549;22,663;4;5;1;2;1;1;1;1;3
493049;22,716;1;3;1;4;1;1;1;1;2
494049;22,75;3;1;1;1;1;1;1;1;2
495574;22,804;4;1;1;2;3;1;1;1;1
497074;22,862;4;1;3;1;6;1;5;1;2
498574;22,919;4;1;5;1;1;2;6;1;3
500074;22,973;5;4;3;1;1;1;1;1;2
501574;23,026;2;4;1;1;1;1;1;1;3
502574;23,062;2;1;1;1;1;1;1;1;3
504074;23,114;3;1;2;1;1;1;1;1;4
505574;23,171;5;1;6;3;4;1;1;1;2
507074;23,228;4;1;5;2;1;6;1;1;3
508574;23,285;5;4;3;2;1;6;1;1;1
510074;23,341;3;1;4;2;1;5;1;1;1
511599;23,396;1;1;2;3;1;4;1;1;1
513099;23,45;2;1;4;1;1;3;1;1;1
514599;23,507;3;1;5;1;4;2;6;1;1
516099;23,565;3;1;4;1;2;6;5;1;1
517599;23,619;3;5;4;1;1;2;1;1;1
519099;23,673;2;1;3;1;1;4;1;1;1
520099;23,708;1;1;2;1;1;3;1;1;1
521599;23,761;2;1;3;1;1;4;1;1;1
523099;23,816;3;1;4;2;1;1;5;1;1
524599;23,874;1;1;4;5;6;1;2;1;3
526099;23,929;1;2;1;5;4;1;1;1;3
527630;23,986;1;2;1;1;4;1;1;1;3
528630;24,02;1;1;1;1;3;1;1;1;2
530130;24,074;1;1;1;2;1;4;1;1;3
531630;24,13;6;1;1;3;4;2;1;1;5
533130;24,187;4;1;5;1;6;3;1;1;2
534630;24,245;4;6;5;1;1;3;1;1;2
536130;24,3;2;4;3;1;1;5;1;1;1
537130;24,334;2;1;3;1;1;1;1;1;1
538130;24,367;2;1;3;1;1;1;1;1;1
539630;24,421;3;1;2;1;1;5;4;1;1
541130;24,476;1;1;3;1;2;5;4;1;1
542664;24,534;1;3;4;1;1;5;1;1;2
544164;24,587;1;1;2;1;1;4;1;1;3
545164;24,622;1;1;2;1;1;3;1;1;1
546164;24,656;1;1;2;1;1;3;1;1;1
547664;24,713;4;1;5;2;1;1;6;1;3
549164;24,769;5;1;3;1;6;1;4;1;2
550664;24,826;4;3;1;1;5;1;1;1;2
552164;24,879;2;3;1;1;4;1;1;1;1
553164;24,913;3;1;1;1;1;1;1;1;2
554664;24,968;4;1;1;1;2;1;1;1;3
556164;25,026;4;1;1;5;3;6;2;1;1
557696;25,085;6;1;4;3;2;1;5;1;1
559196;25,138;5;1;4;3;2;1;1;1;1
560696;25,189;2;1;4;3;1;1;1;1;1
562196;25,241;2;1;3;1;4;1;1;1;1
563696;25,295;2;1;5;1;3;1;1;1;4
565196;25,351;4;1;5;1;1;2;6;1;3
566696;25,405;2;1;4;1;1;1;5;1;3
568196;25,457;1;4;3;1;1;1;1;1;2
569696;25,51;2;4;1;1;1;1;1;1;3
571196;25,561;3;1;1;2;1;1;1;1;4
572696;25,626;2;1;3;4;5;1;1;1;1
574227;25,684;4;1;5;3;2;1;6;1;1
575727;25,738;3;1;4;2;1;1;5;1;1
577227;25,789;3;2;1;4;1;1;1;1;1
578727;25,84;4;3;1;2;1;1;1;1;1
580227;25,892;4;1;1;2;1;1;1;1;3
581727;25,946;2;1;1;3;1;1;1;1;4
583727;26,023;5;1;6;3;1;2;7;1;4
585227;26,078;1;1;5;4;1;1;3;1;2
586727;26,132;1;3;4;2;1;1;1;1;1
588227;26,184;1;4;3;2;1;1;1;1;1
589227;26,219;1;1;2;3;1;1;1;1;1
590243;26,254;1;1;3;2;1;1;1;1;1
591743;26,312;6;1;1;5;3;1;4;1;2
593243;26,368;3;1;1;5;1;6;4;1;2
594743;26,422;4;5;1;1;1;2;1;1;3
596243;26,474;3;4;1;1;1;1;1;1;2
597243;26,508;1;1;1;1;1;3;1;1;2
598743;26,561;1;1;3;1;1;4;1;1;2
600243;26,617;3;1;5;1;1;2;6;1;4
601743;26,673;3;1;6;4;1;5;1;1;2
603243;26,729;6;1;3;2;1;5;1;1;4
604743;26,786;5;1;3;1;1;4;1;1;2
606271;26,843;1;1;2;1;1;4;1;1;3
607771;26,899;1;1;2;1;1;4;1;1;3
609271;26,957;2;1;3;1;1;6;4;1;5
610771;27,013;1;1;4;1;1;5;3;1;2
612271;27,069;1;2;1;4;1;5;1;1;3
613771;27,123;1;1;1;3;1;2;1;1;4
614771;27,157;1;1;1;2;1;3;1;1;1
615771;27,192;1;1;1;1;1;3;1;1;2
617271;27,248;3;1;1;2;1;1;5;1;4
618771;27,306;4;1;1;2;6;1;5;1;3
620271;27,361;3;5;1;4;1;1;1;1;2
621798;27,416;2;3;1;4;1;1;1;1;1
622798;27,452;3;1;1;1;1;1;1;1;2
624298;27,505;3;1;1;1;1;4;1;1;2
625798;27,561;2;1;1;3;1;5;4;1;1
627298;27,617;4;1;5;2;3;1;6;1;1
628798;27,674;1;4;3;5;2;1;1;1;1
630298;27,726;1;1;2;3;4;1;1;1;1
631298;27,758;1;1;3;1;2;1;1;1;1
632798;27,811;1;1;2;3;4;1;1;1;1
634298;27,871;1;1;5;2;1;6;4;1;3
635798;27,929;5;1;6;2;1;4;3;1;1
637336;27,988;2;4;3;1;1;5;1;1;1
638836;28,041;3;1;4;1;1;2;1;1;1
639836;28,077;1;1;3;1;1;2;1;1;1
641336;28,13;3;1;4;1;1;2;1;1;1
642836;28,188;3;1;5;1;2;1;6;1;4
644336;28,245;4;1;1;5;3;1;2;1;6
645836;28,301;2;4;1;3;5;1;1;1;1
647336;28,354;3;1;1;2;4;1;1;1;1
648336;28,388;3;1;1;2;1;1;1;1;1
649836;28,444;3;1;1;1;2;4;1;1;1
651336;28,501;4;1;6;3;2;1;5;1;1
652867;28,562;3;1;6;1;5;1;4;1;2
654367;28,617;4;1;2;1;5;1;1;1;3
655867;28,67;3;1;2;1;4;1;1;1;1
657367;28,722;3;1;1;1;4;1;1;1;2
658867;28,776;3;1;5;1;1;2;1;1;4
660367;28,834;5;1;6;3;1;2;1;1;4
661867;28,889;5;1;1;2;1;4;1;1;3
663367;28,943;2;4;1;1;1;5;1;1;3
664867;28,995;3;4;1;1;1;1;1;1;2
666367;29,048;3;1;1;1;1;4;1;1;2
667867;29,101;2;1;1;1;3;4;1;1;1
669397;29,16;2;1;4;1;1;6;5;1;3
670897;29,217;3;1;4;1;1;6;5;1;2
672397;29,272;2;4;3;1;1;5;1;1;1
673897;29,326;2;1;3;1;1;4;1;1;1
674897;29,36;1;1;2;1;1;3;1;1;1
676397;29,413;4;1;1;1;2;3;1;1;1
677897;29,468;4;1;2;1;1;5;3;1;1
679397;29,525;3;1;5;1;1;2;6;1;4
680897;29,58;2;3;5;1;1;4;1;1;1
682397;29,633;2;1;3;1;1;4;1;1;1
683397;29,667;3;1;2;1;1;1;1;1;1
684923;29,722;1;1;3;1;2;4;1;1;1
686423;29,783;3;1;5;1;1;2;4;1;1
687923;29,837;1;1;3;1;1;5;4;1;2
689423;29,894;1;3;2;4;1;5;1;1;1
690923;29,946;1;1;3;2;1;4;1;1;1
691923;29,98;1;1;3;2;1;1;1;1;1
693423;30,034;1;1;3;4;1;2;1;1;1
694923;30,09;6;1;3;2;1;5;4;1;1
696423;30,146;2;1;3;1;1;5;4;1;6
697923;30,202;4;1;5;1;1;2;1;1;3
699423;30,256;1;1;3;1;1;4;1;1;2
700949;30,311;4;1;2;1;1;3;1;1;1
702449;30,365;3;1;5;1;1;2;1;1;4
703949;30,422;6;1;4;2;1;5;1;1;3
705449;30,478;1;1;3;4;1;5;1;1;2
706949;30,537;1;1;4;2;1;5;1;1;3
708449;30,591;1;1;3;1;1;4;1;1;2
709949;30,644;1;1;3;1;1;4;1;1;2
711449;30,699;1;1;2;3;4;5;1;1;1
712949;30,756;2;1;5;1;3;6;4;1;1
714449;30,813;3;1;4;1;2;5;1;1;1
715949;30,867;1;1;3;1;2;4;1;1;1
717479;30,926;2;3;4;1;1;5;1;1;1
718979;30,981;3;1;5;1;1;2;1;1;4
720479;31,054;3;1;4;1;1;5;1;1;2
721979;31,159;2;1;3;1;1;5;4;1;1
723479;31,224;1;1;2;1;1;4;3;1;1
724979;31,278;1;1;4;1;3;2;1;1;1
726479;31,334;3;1;4;1;2;5;1;1;1
727979;31,388;2;1;3;1;1;4;1;1;1
729479;31,448;6;1;4;2;1;5;1;1;3
730979;31,506;3;1;5;2;1;6;1;1;4
732479;31,561;2;1;4;1;1;5;1;1;3
734010;31,617;1;1;4;1;1;3;1;1;2
735510;31,671;2;1;4;1;1;5;1;1;3
737010;31,726;3;1;5;1;1;2;1;1;4
738510;31,778;1;1;3;1;1;4;1;1;2
740010;31,834;1;1;3;5;1;6;4;1;2
741510;31,889;1;1;2;4;1;5;3;1;1
742510;31,923;1;1;3;2;1;1;1;1;1
743510;31,959;1;1;1;2;1;3;1;1;1
745010;32,013;1;1;4;3;2;5;1;1;1
746510;32,067;2;1;3;4;1;5;1;1;1
748010;32,124;3;1;5;2;1;6;1;1;4
749542;32,182;4;1;3;1;1;5;1;1;2
751042;32,236;1;1;2;1;1;3;1;1;4
752542;32,288;1;1;2;1;1;4;1;1;3
754042;32,343;2;1;4;1;1;5;1;1;3
755542;32,397;1;1;3;1;1;4;1;1;2
757542;32,479;3;1;5;6;1;7;1;1;4
759042;32,534;4;1;2;3;1;5;1;1;1
760542;32,586;3;1;4;2;1;1;1;1;1
762042;32,64;3;1;4;2;1;1;1;1;1
763542;32,696;3;1;2;1;5;4;1;1;1
765042;32,75;1;1;2;1;3;4;1;1;1
766567;32,809;3;1;4;1;1;5;1;1;2
768067;32,865;2;1;3;1;1;5;4;1;1
769567;32,92;3;1;1;1;1;4;2;1;1
771067;32,976;5;1;3;2;1;4;1;1;1
772567;33,029;2;1;3;1;1;4;1;1;1
774067;33,085;3;1;4;1;2;5;1;1;1
775567;33,139;3;1;5;1;1;2;1;1;4
777067;33,194;4;1;3;1;1;5;1;1;2
778567;33,249;1;1;2;1;1;3;1;1;4
780067;33,304;1;1;3;1;1;4;1;1;2
781567;33,36;2;1;4;1;1;5;1;1;3
783096;33,417;3;1;5;1;1;4;1;1;2
784596;33,473;2;1;4;1;1;5;1;1;3
786096;33,53;4;1;5;1;1;2;1;1;3
787596;33,584;1;1;3;1;1;4;1;1;2
789096;33,637;1;1;3;1;1;4;1;1;2
790596;33,695;2;1;4;1;1;5;1;1;3
792096;33,751;1;1;3;1;4;5;1;1;2
793596;33,805;1;1;3;1;1;4;1;1;2
795096;33,859;1;1;4;1;1;2;1;1;3
796596;33,917;1;1;4;1;2;5;1;1;3
798096;33,972;1;1;4;1;2;5;1;1;3
799617;34,029;2;1;4;1;1;5;1;1;3
801117;34,086;2;1;4;1;1;5;1;1;3
802617;34,14;1;1;3;1;1;4;1;1;2
804117;34,194;1;1;3;1;1;4;1;1;2
805617;34,25;1;1;2;1;1;4;1;1;3
807117;34,306;2;1;4;1;1;5;1;1;3
808617;34,36;3;1;5;1;1;2;1;1;4
810117;34,415;1;1;3;1;1;4;1;1;2
811617;34,471;2;3;5;1;1;4;1;1;1
813117;34,527;2;4;3;1;1;5;1;1;1
814117;34,563;2;1;3;1;1;1;1;1;1
815650;34,619;3;1;4;1;1;2;1;1;1
817150;34,672;2;1;3;1;1;4;1;1;1
818650;34,727;5;1;3;1;1;4;1;1;2
820150;34,782;3;1;5;1;1;2;1;1;4
821650;34,836;1;1;4;1;1;2;1;1;3
823150;34,891;1;1;3;1;1;4;1;1;2
824650;34,945;1;1;3;1;1;4;1;1;2
826150;35,004;6;1;3;4;2;1;1;1;5
827650;35,059;1;1;5;4;3;1;1;1;2
829150;35,112;1;2;4;3;5;1;1;1;1
830650;35,165;1;1;2;3;4;1;1;1;1
831670;35,201;1;1;1;2;3;1;1;1;1
833170;35,254;1;1;4;2;1;3;1;1;1
834670;35,31;2;1;3;1;5;4;1;1;1
836170;35,365;2;1;3;1;4;5;1;1;1
837670;35,445;3;1;2;1;4;5;1;1;1
839170;35,546;2;1;3;1;1;4;1;1;1
840670;35,612;4;1;3;1;1;2;1;1;1
842170;35,67;3;1;4;1;2;5;1;1;1
843670;35,723;2;1;3;1;1;4;1;1;1
845170;35,78;3;1;2;1;1;5;1;1;4
846670;35,836;2;1;4;1;1;5;1;1;3
848203;35,894;3;1;1;1;1;2;1;1;4
849703;35,948;2;1;3;1;1;4;1;1;1
851203;36,004;3;1;5;2;1;1;1;1;4
852703;36,058;4;1;1;2;5;1;1;1;3
854203;36,112;2;1;1;4;3;1;1;1;1
855703;36,164;2;1;1;4;3;1;1;1;1
857203;36,219;5;1;1;3;4;1;1;1;2
858703;36,275;3;1;1;2;1;5;1;1;4
860203;36,331;3;1;4;2;1;1;1;1;5
861703;36,384;2;1;1;3;1;1;1;1;4
863203;36,436;2;1;1;4;1;1;1;1;3
864736;36,497;3;1;1;2;1;1;1;1;4
866236;36,554;5;1;2;4;3;1;1;1;1
867736;36,609;2;1;5;4;1;3;1;1;1
869236;36,665;3;1;4;2;1;5;1;1;1
870736;36,74;4;1;3;1;1;2;1;1;1
872236;36,794;4;1;1;2;1;3;1;1;1
873736;36,851;3;1;5;2;1;1;1;1;4
875236;36,906;4;1;1;5;3;1;1;1;2
876736;36,96;4;1;1;1;2;1;1;1;3
878236;37,012;4;1;1;2;1;1;1;1;3
879736;37,066;1;1;1;2;3;1;1;1;4
881265;37,124;3;1;1;2;1;4;1;1;5
882765;37,183;5;1;6;4;1;2;1;1;3
884265;37,237;3;1;4;2;1;1;1;1;5
885765;37,291;2;1;1;3;1;1;1;1;4
887265;37,343;2;1;1;3;1;1;1;1;4
888765;37,398;5;1;4;2;3;1;1;1;1
890265;37,451;4;1;2;1;3;1;1;1;1
891765;37,506;4;1;2;1;3;5;1;1;1
893265;37,561;2;1;3;1;1;4;1;1;1
894765;37,614;2;1;3;1;1;4;1;1;1
896265;37,674;3;1;5;1;2;6;1;1;4
897788;37,731;3;1;5;1;1;2;1;1;4
899288;37,788;2;1;4;1;1;5;1;1;3
900788;37,842;2;1;4;1;1;1;1;1;3
902288;37,895;1;1;3;1;1;2;1;1;4
903788;37,948;2;1;3;1;1;1;1;1;4
905288;38,003;2;1;3;1;1;5;1;1;4
906788;38,058;4;1;2;1;1;1;1;1;3
908288;38,119;3;1;4;1;1;2;1;1;5
909788;38,175;2;1;3;1;1;5;1;1;4
911288;38,228;1;1;2;1;1;4;1;1;3
912788;38,283;2;1;3;1;1;1;1;1;4
914319;38,341;3;1;5;1;1;2;1;1;4
915819;38,394;1;1;2;1;1;4;1;1;3
917319;38,446;1;1;3;1;1;4;1;1;2
918819;38,5;1;1;3;4;1;5;1;1;2
920319;38,554;1;1;2;1;1;3;1;1;4
921819;38,606;1;1;3;2;1;4;1;1;1
923319;38,662;1;1;4;2;1;5;1;1;3
924819;38,716;1;1;4;5;2;1;1;1;3
926319;38,77;2;1;1;4;5;1;1;1;3
927819;38,822;2;1;1;4;1;1;1;1;3
929319;38,874;4;1;1;3;2;1;1;1;1
930846;38,949;3;1;1;1;2;1;1;1;4
932346;39,016;2;1;1;1;4;5;1;1;3
933846;39,07;1;1;3;1;4;5;1;1;2
935346;39,123;1;1;4;1;1;2;1;1;3
936846;39,178;1;1;3;1;4;5;1;1;2
938346;39,231;1;1;1;1;3;4;1;1;2
939846;39,288;1;1;4;2;1;5;1;1;3
941346;39,343;3;1;4;2;1;1;1;1;5
942846;39,396;3;1;1;2;1;1;1;1;4
944346;39,447;3;1;1;4;1;1;1;1;2
945846;39,499;2;1;3;1;1;1;1;1;4
947374;39,557;2;1;5;3;4;1;1;1;1
948874;39,612;2;1;3;1;4;5;1;1;1
950374;39,667;5;4;3;1;1;2;1;1;1
951874;39,721;1;2;3;1;1;4;1;1;1
952874;39,756;2;1;3;1;1;1;1;1;1
954374;39,809;2;1;4;1;1;1;1;1;3
955874;39,884;3;1;4;2;1;1;1;1;5
957374;39,997;4;1;5;2;1;1;1;1;3
958874;40,068;3;1;4;2;1;1;1;1;5
960374;40,121;3;1;1;4;1;1;1;1;2
961874;40,175;2;1;1;3;1;1;1;1;4
963408;40,231;4;1;3;2;1;1;1;1;5
964908;40,285;2;1;1;4;1;1;1;1;3
966408;40,34;3;1;2;1;5;1;1;1;4
967908;40,397;2;5;3;1;4;1;1;1;1
969408;40,45;2;4;1;1;3;1;1;1;1
970908;40,504;2;3;1;1;4;1;1;1;1
972408;40,56;3;1;4;1;2;5;1;1;1
973908;40,615;4;1;2;1;5;3;1;1;1
975408;40,67;3;1;4;1;2;1;1;1;5
976908;40,722;3;1;1;1;4;1;1;1;2
978408;40,774;1;1;4;1;2;1;1;1;3
979928;40,829;1;5;4;1;3;1;1;1;2
981428;40,881;1;4;2;1;3;1;1;1;1
982928;40,935;1;1;6;3;2;4;1;1;5
984428;40,99;1;1;5;3;2;1;1;1;4
985928;41,045;1;1;4;3;2;1;1;1;1
987428;41,099;5;1;4;2;3;1;1;1;1
988928;41,154;2;1;3;1;4;1;1;1;1
990428;41,208;5;1;2;4;3;1;1;1;1
991928;41,263;2;1;4;5;1;3;1;1;1
993428;41,318;2;1;3;4;1;1;1;1;1
994928;41,372;5;1;3;2;1;4;1;1;1
996462;41,43;1;1;4;2;1;3;1;1;1
997962;41,482;2;1;1;4;1;3;1;1;1
999462;41,541;3;1;5;2;4;6;1;1;1
1000962;41,594;3;1;5;2;1;4;1;1;1
1002462;41,648;3;1;4;2;1;1;1;1;1
1003962;41,702;4;1;3;1;1;5;1;1;2
1005462;41,757;2;1;1;1;1;4;1;1;3
1006962;41,81;2;1;3;1;1;1;1;1;4
1008462;41,866;3;1;5;1;2;1;1;1;4
1009962;41,922;2;1;5;1;3;1;1;1;4
1011462;41,975;1;1;5;2;3;1;1;1;4
1012983;42,031;1;1;1;4;3;1;1;1;2
1014483;42,085;1;1;3;1;2;1;1;1;4
1015983;42,139;1;1;3;2;4;1;1;1;5
1017483;42,191;1;1;2;4;3;1;1;1;1
1018983;42,247;4;1;1;3;5;1;1;1;2
1020483;42,3;3;1;1;1;4;1;1;1;2
1021983;42,357;4;2;1;1;3;1;1;1;5
1023483;42,41;1;3;1;1;4;1;1;1;2
1024983;42,465;2;4;1;1;1;5;1;1;3
1026483;42,521;2;1;4;1;1;5;1;1;3
1027983;42,573;3;1;1;1;1;4;1;1;2
1029514;42,63;5;1;2;1;1;4;1;1;3
1031014;42,683;4;1;2;1;1;1;1;1;3
1032514;42,738;3;1;5;1;1;4;1;1;2
1034014;42,793;5;1;4;1;1;3;1;1;2
1035514;42,845;4;1;2;1;1;1;1;1;3
1037014;42,899;2;1;3;1;1;4;1;1;1
1038514;42,953;3;1;2;1;1;5;1;1;4
1040014;43,005;3;1;2;1;1;4;1;1;1
1041514;43,059;5;1;1;1;4;3;1;1;2
1043014;43,114;4;1;1;1;2;3;1;1;5
1044514;43,167;4;1;1;1;2;3;1;1;1
1046044;43,222;3;1;1;1;1;2;1;1;4
1047544;43,276;3;1;1;1;2;4;1;1;1
1049044;43,332;3;1;2;1;5;6;1;1;4
1050544;43,386;2;1;3;1;1;5;1;1;4
1052044;43,44;3;1;2;1;1;1;1;1;4
1053544;43,494;2;1;3;1;1;5;1;1;4
1055044;43,548;1;1;4;1;1;3;1;1;2
1056544;43,601;2;1;1;1;1;4;1;1;3
1058044;43,658;4;1;5;1;1;3;1;1;2
1059544;43,711;1;1;2;1;1;4;1;1;3
1061044;43,767;3;1;2;1;1;5;1;1;4
1062576;43,823;1;1;2;1;1;4;1;1;3
1064076;43,877;2;1;1;1;1;4;1;1;3
1065576;43,932;2;1;3;1;1;4;1;1;5
1067076;43,988;5;1;2;1;4;1;1;1;3
1068576;44,04;2;1;1;1;4;1;1;1;3
1070076;44,093;2;1;4;1;1;1;1;1;3
1071576;44,146;4;1;2;1;3;1;1;1;1
1073076;44,199;1;1;2;1;4;1;1;1;3
1074576;44,255;5;1;3;2;1;6;1;1;4
1076076;44,309;3;1;1;5;1;4;1;1;2
1077576;44,363;3;1;1;2;1;1;1;1;4
1079102;44,421;5;4;1;2;1;1;1;1;3
1080602;44,475;1;4;1;2;1;1;1;1;3
1082102;44,531;5;1;1;4;3;1;1;1;2
1083602;44,587;5;1;4;2;3;1;1;1;1
1085102;44,64;1;1;3;4;2;1;1;1;1
1086602;44,696;2;1;1;3;5;4;1;1;1
1088102;44,749;3;1;1;1;2;4;1;1;1
1089602;44,806;5;1;1;4;2;3;1;1;1
1091102;44,862;3;1;1;1;2;5;1;1;4
1092602;44,915;3;1;1;1;1;4;1;1;2
1094102;44,973;1;1;2;1;4;5;1;1;3
1095629;45,028;1;1;1;1;2;4;1;1;3
1097129;45,084;1;1;2;1;1;4;1;1;3
1098629;45,141;1;1;6;2;3;5;1;1;4
1100129;45,197;1;1;4;3;1;2;1;1;5
1101629;45,251;3;1;2;1;1;5;1;1;4
1103129;45,302;3;1;1;1;1;4;1;1;2
1104629;45,357;2;1;3;1;1;1;1;1;4
1106129;45,411;1;1;3;1;1;4;1;1;2
1107629;45,468;3;1;1;1;2;5;1;1;4
1109129;45,526;5;1;1;3;2;6;1;1;4
1110629;45,582;5;1;1;1;2;4;1;1;3
1112149;45,637;4;1;1;1;2;3;1;1;1
1113649;45,692;2;1;1;1;1;4;1;1;3
1115149;45,749;4;1;3;1;1;2;1;1;5
1116649;45,803;4;1;2;1;1;3;1;1;1
1118149;45,857;3;1;2;1;1;5;1;1;4
1119649;45,912;3;1;4;1;1;1;1;1;2
1121149;45,968;3;1;2;1;1;5;1;1;4
1122649;46,024;3;1;2;1;1;4;1;1;5
1124149;46,078;1;1;4;1;1;2;1;1;3
1125649;46,131;3;1;2;1;1;1;1;1;4
1127149;46,188;5;1;3;1;1;2;1;1;4
1128678;46,244;2;1;1;1;1;4;1;1;3
1130178;46,298;3;1;2;1;1;1;1;1;4
1131678;46,351;1;1;5;1;4;3;1;1;2
1133178;46,406;1;1;4;1;2;1;1;1;3
1134678;46,461;1;1;5;1;3;4;1;1;1
1135678;46,497;1;1;2;1;1;3;1;1;1
1137178;46,551;1;1;3;1;2;4;1;1;1
1138678;46,606;4;1;3;2;1;5;1;1;1
1140178;46,661;3;1;1;2;1;4;1;1;1
1141678;46,716;5;1;3;2;1;1;1;1;4
1143178;46,77;4;1;2;1;1;1;1;1;3
1144712;46,826;3;1;1;2;1;1;1;1;4
1146212;46,882;3;1;2;1;5;1;1;1;4
1147712;46,938;2;1;4;1;3;1;1;1;5
1149212;46,995;3;1;4;1;1;2;1;1;5
1150712;47,048;2;1;3;1;1;1;1;1;4
1152212;47,101;2;1;4;1;1;1;1;1;3
1153712;47,157;4;1;2;1;1;5;1;1;3
1155212;47,21;2;1;1;1;1;4;1;1;3
1156712;47,267;4;1;3;1;2;1;1;1;5
1158212;47,32;4;1;3;1;2;1;1;1;1
1159712;47,375;4;1;3;1;2;1;1;1;1
1161239;47,433;3;2;1;1;5;1;1;1;4
1162739;47,49;2;4;1;1;5;1;1;1;3
1164239;47,544;4;1;1;1;2;3;1;1;5
1165739;47,601;3;1;1;1;1;2;1;1;4
1167239;47,655;2;1;1;1;1;4;1;1;3
1168739;47,709;3;1;4;1;1;2;1;1;5
1170239;47,774;3;1;1;1;1;4;1;1;2
1171739;47,83;4;1;3;1;1;5;1;1;2
1173239;47,885;3;1;4;2;1;1;1;1;5
1174739;47,94;3;1;2;1;1;1;1;1;4
1176239;47,994;5;1;1;3;2;1;1;1;4
1177768;48,05;4;1;1;1;3;1;1;1;2
1179268;48,103;2;1;1;3;4;1;1;1;1
1180768;48,162;3;1;1;4;2;5;1;1;6
1182268;48,217;3;1;1;4;1;5;1;1;2
1183768;48,273;2;1;3;1;1;5;1;1;4
1185268;48,328;3;1;2;1;1;1;1;1;4
1186768;48,381;2;1;1;1;1;3;1;1;4
1188268;48,434;1;1;2;1;1;4;1;1;3
1189768;48,492;2;1;4;1;1;5;1;1;3
1191268;48,548;3;1;5;2;1;6;1;1;4
1192768;48,604;4;1;2;1;1;5;1;1;3
1194292;48,661;1;1;2;1;1;4;1;1;3
1195792;48,714;2;1;1;1;1;4;1;1;3
1197292;48,766;1;1;3;1;1;2;1;1;4
1198792;48,822;2;1;4;1;1;5;1;1;3
1200292;48,877;1;1;2;4;1;5;1;1;3
1201792;48,931;1;1;3;2;1;1;1;1;4
1203292;48,988;1;1;4;3;1;5;1;1;2
1204792;49,042;1;1;1;2;1;3;1;1;4
1206292;49,097;1;1;2;4;1;3;1;1;1
1207792;49,15;3;1;5;2;1;4;1;1;1
1209292;49,204;2;1;3;5;1;4;1;1;1
1210820;49,26;3;1;4;2;1;1;1;1;1
1212320;49,311;2;1;1;3;1;4;1;1;1
1213820;49,363;3;1;4;1;1;2;1;1;1
1215320;49,419;4;1;3;1;1;2;1;1;5
1216820;49,472;4;1;3;1;1;5;1;1;2
1218320;49,526;2;1;1;1;1;4;1;1;3
1219820;49,579;1;1;3;1;1;4;1;1;2
1221320;49,637;3;1;4;1;1;2;1;1;5
1222820;49,692;1;1;3;5;1;4;1;1;2
1224320;49,745;1;1;2;1;1;4;1;1;3
1225820;49,8;1;1;4;2;1;1;1;1;3
1227349;49,857;1;1;4;2;1;1;1;1;3
1228849;49,912;1;1;3;2;1;4;1;1;1
1230349;49,969;3;1;4;2;1;6;1;1;5
1231849;50,025;5;1;4;2;1;1;1;1;3
1233349;50,078;3;1;1;2;1;1;1;1;4
1234849;50,135;2;1;4;1;3;1;1;1;5
1236349;50,189;3;1;1;1;4;1;1;1;2
1237849;50,243;2;1;3;1;1;1;1;1;4
1239349;50,3;3;1;5;1;1;2;1;1;4
1240849;50,353;1;1;3;1;1;4;1;1;2
1242349;50,41;3;1;4;1;1;5;1;1;2
1243877;50,468;1;4;3;1;1;5;1;1;2
1245377;50,524;1;2;3;1;1;4;1;1;1
1246877;50,579;1;1;3;1;2;5;1;1;4
1248377;50,634;1;1;3;1;2;4;1;1;1
1249877;50,687;1;1;2;1;1;4;1;1;3
1251377;50,745;2;1;4;5;3;6;1;1;1
1252877;50,8;3;1;4;2;1;5;1;1;1
1254377;50,86;2;1;3;5;1;4;1;1;1
1255877;50,913;2;1;3;1;1;4;1;1;1
1257377;50,966;2;1;3;1;1;4;1;1;1
1258877;51,022;3;1;4;1;1;5;1;1;2
1260409;51,079;2;1;3;1;1;5;1;1;4
1261909;51,134;2;1;3;1;1;4;1;1;1
1263409;51,19;2;1;3;1;1;5;1;1;4
1264909;51,245;2;1;4;1;1;1;1;1;3
1266409;51,301;1;1;3;2;1;5;1;1;4
1267909;51,356;1;1;3;1;1;4;1;1;2
1269409;51,412;1;1;4;3;1;2;1;1;5
1270909;51,468;1;1;1;3;1;4;1;1;2
1272409;51,521;1;1;4;1;1;3;1;1;2
1273909;51,58;4;1;6;2;1;5;1;1;3
1275409;51,635;3;1;4;2;1;1;1;1;5
1276940;51,69;3;1;2;1;1;1;1;1;4
1278440;51,744;1;1;2;4;1;1;1;1;3
1279940;51,798;5;1;1;2;3;1;1;1;4
1281440;51,852;4;1;1;2;1;1;1;1;3
1282940;51,907;4;1;1;3;1;2;1;1;5
1284440;51,961;2;1;1;3;1;4;1;1;1
1285940;52,015;4;1;1;3;1;2;1;1;5
1287440;52,071;4;1;2;1;1;3;1;1;5
1288940;52,123;2;1;1;1;1;4;1;1;3
1290440;52,18;1;1;4;1;2;5;1;1;3
1291940;52,234;1;1;2;1;1;4;1;1;3
1293467;52,293;1;1;3;1;2;1;1;1;4
1294967;52,349;1;1;4;3;2;1;1;1;5
1296467;52,403;1;1;3;4;2;1;1;1;1
1297967;52,459;4;1;5;1;2;1;1;1;3
1299467;52,513;3;5;1;1;2;1;1;1;4
1300967;52,568;2;1;1;1;4;1;1;1;3
1302467;52,623;3;1;1;1;2;5;1;1;4
1303967;52,678;4;1;1;1;1;3;1;1;2
1305467;52,733;4;1;1;3;1;2;1;1;5
1306967;52,789;4;1;1;2;1;5;1;1;3
1308467;52,843;3;1;1;1;1;4;1;1;2
1310005;52,902;2;3;1;1;1;5;1;1;4
1311505;52,956;2;1;1;1;1;4;1;1;3
1313005;53,012;3;1;1;1;2;5;1;1;4
1314505;53,065;1;1;1;1;2;4;1;1;3
1316005;53,119;4;1;3;1;1;2;1;1;5
1317505;53,172;3;1;5;2;1;1;1;1;4
1319005;53,224;2;1;3;4;1;1;1;1;1
1320505;53,278;3;5;4;1;1;1;1;1;2
1322005;53,331;4;2;1;1;1;1;1;1;3
1323505;53,384;5;3;2;1;4;1;1;1;1
1325005;53,437;4;1;5;1;3;2;1;1;1
1326535;53,491;2;1;3;1;4;1;1;1;1
1328035;53,546;4;1;2;1;5;3;1;1;1
1329535;53,599;2;1;3;1;1;4;1;1;1
1331035;53,655;2;1;1;1;3;5;1;1;4
1332535;53,709;3;1;1;1;4;2;1;1;5
1334035;53,763;3;1;1;1;1;2;1;1;4
1335535;53,815;3;1;1;1;2;4;1;1;1
1337035;53,871;2;1;1;3;1;5;1;1;4
1338535;53,926;3;1;5;2;1;1;1;1;4
1340035;53,979;3;1;1;2;1;1;1;1;4
1341535;54,031;1;4;5;3;1;1;1;1;2
1343065;54,087;1;2;4;3;1;1;1;1;1
1344565;54,141;1;1;5;3;2;1;1;1;4
1346065;54,221;1;1;4;3;2;1;1;1;5
1347565;54,325;1;1;4;1;3;1;1;1;2
1349065;54,417;5;1;2;1;4;1;1;1;3
1350565;54,543;1;1;3;1;2;1;1;1;4
1352065;54,631;2;5;1;1;4;1;1;1;3
1353565;54,685;4;1;1;1;2;1;1;1;3
1355065;54,74;3;1;1;1;4;5;1;1;2
1356565;54,795;4;1;1;3;1;2;1;1;5
1358065;54,848;3;1;1;1;1;2;1;1;4
1359588;54,904;5;1;3;2;1;1;1;1;4
1361088;54,957;2;1;4;1;1;1;1;1;3
1362588;55,012;5;4;1;2;1;1;1;1;3
1364088;55,068;5;1;1;2;3;1;1;1;4
1365588;55,121;1;1;1;2;3;1;1;1;4
1367088;55,178;3;1;1;2;4;5;1;1;1
1368588;55,23;4;1;1;3;2;1;1;1;1
1370088;55,286;4;1;5;3;2;1;1;1;1
1371588;55,34;5;1;3;2;4;1;1;1;1
1373088;55,421;3;1;2;1;4;1;1;1;1
1374588;55,513;3;1;5;2;4;1;1;1;1
1376119;55,616;4;1;1;2;3;1;1;1;1
1377619;55,699;4;1;5;3;2;1;1;1;1
1379119;55,753;2;1;3;4;1;1;1;1;1
1380619;55,806;3;1;1;2;5;1;1;1;1
1382119;55,862;1;2;5;3;4;1;1;1;1
1383619;55,916;1;1;3;5;4;1;1;1;2
1385119;55,97;1;1;2;3;4;1;1;1;1
1386619;56,027;1;1;5;2;1;3;1;1;4
1388119;56,081;1;1;3;2;1;1;1;1;4
1389619;56,138;4;1;1;3;1;5;1;1;2
1391119;56,193;4;1;1;3;1;2;1;1;5
1392648;56,253;3;1;1;2;1;1;1;1;4
1394148;56,309;3;1;1;1;5;2;1;1;4
1395648;56,363;4;1;1;1;3;2;1;1;1
1397148;56,418;3;1;4;1;1;5;1;1;2
1398648;56,473;2;1;3;1;1;1;1;1;4
1400148;56,527;2;1;4;1;1;5;1;1;3
1401648;56,583;3;1;4;2;1;5;1;1;1
1403148;56,637;2;1;3;1;1;4;1;1;1
1404648;56,693;2;1;4;3;1;5;1;1;1
1406148;56,747;3;1;2;1;1;4;1;1;1
1407648;56,803;2;1;3;1;1;4;1;1;1
1409175;56,86;2;1;4;1;1;5;1;1;3
1410675;56,916;4;1;2;1;1;5;1;1;3
1412175;56,97;2;1;3;1;1;1;1;1;4
1413675;57,027;4;1;5;1;2;3;1;1;1
1415175;57,08;2;1;3;1;1;4;1;1;1
1416675;57,136;5;1;3;2;4;1;1;1;1
1418175;57,189;1;1;2;3;4;1;1;1;1
1419675;57,243;4;1;1;3;2;1;1;1;1
1421175;57,299;2;1;4;1;3;1;1;1;5
1422675;57,354;4;3;1;1;2;1;1;1;5
1424175;57,414;4;1;1;1;2;3;1;1;5
1425702;57,47;4;1;1;1;2;1;1;1;3
1427202;57,523;3;1;1;1;2;1;1;1;4
1428702;57,58;4;1;1;3;2;1;1;1;5
1430202;57,634;5;1;1;3;2;1;1;1;4
1431702;57,691;5;1;1;2;4;1;1;1;3
1433202;57,743;2;1;1;1;3;1;1;1;4
1434702;57,798;4;1;1;1;2;1;1;1;3
1436202;57,853;4;1;1;3;1;2;1;1;5
1437702;57,908;3;1;1;1;1;2;1;1;4
1439202;57,962;4;1;1;2;1;3;1;1;5
1440702;58,018;3;4;1;2;1;5;1;1;1
1442229;58,081;2;3;1;1;1;4;1;1;1
1443729;58,137;5;1;1;4;3;2;1;1;1
1445229;58,189;3;1;1;1;4;2;1;1;1
1446729;58,243;2;1;1;3;1;4;1;1;1
1448229;58,3;4;1;1;2;3;5;1;1;1
1449729;58,355;2;1;3;1;5;4;1;1;1
1451229;58,411;4;1;5;1;3;2;1;1;1
1452729;58,465;2;1;4;1;1;3;1;1;1
1454229;58,519;3;1;4;1;2;1;1;1;1
1455729;58,572;4;1;3;1;2;1;1;1;1
1457229;58,629;3;1;2;1;6;5;1;1;4
1458753;58,686;2;1;4;1;1;3;1;1;5
1460253;58,743;3;1;4;1;1;2;1;1;5
1461753;58,797;3;1;1;1;1;2;1;1;4
1463253;58,851;3;1;1;1;1;4;1;1;2
1464753;58,904;4;1;2;1;1;1;1;1;3
1466253;58,961;3;1;4;2;6;1;1;1;5
1467753;59,017;5;1;1;2;3;1;1;1;4
1469253;59,07;1;1;1;4;3;1;1;1;2
1470753;59,126;2;4;1;5;3;1;1;1;1
1472253;59,178;1;3;1;2;4;1;1;1;1
1473753;59,233;4;1;1;3;2;5;1;1;1
1475284;59,305;2;1;3;1;4;5;1;1;1
1476784;59,373;1;1;3;1;2;4;1;1;1
1478284;59,43;2;1;3;1;1;5;1;1;4
1479784;59,482;3;1;2;1;1;4;1;1;1
1481284;59,539;2;1;3;1;1;5;1;1;4
1482784;59,595;2;1;4;1;1;5;1;1;3
1484284;59,65;2;1;4;1;1;1;1;1;3
1485784;59,707;3;1;1;1;2;5;1;1;4
1487284;59,763;3;1;1;1;1;2;1;1;4
1488784;59,817;2;1;1;1;1;4;1;1;3
1490284;59,874;2;4;1;1;1;5;1;1;3
1491807;59,933;1;3;1;4;1;5;1;1;2
1493307;59,991;1;1;5;3;1;4;1;1;2
1494807;60,046;1;1;3;2;1;1;1;1;4
1496307;60,1;1;1;3;2;1;1;1;1;4
1497807;60,158;1;1;3;4;2;5;1;1;1
1499307;60,213;3;1;4;2;1;5;1;1;1
1500807;60,27;5;1;1;2;1;4;1;1;1
1502307;60,326;3;5;4;1;1;2;1;1;1
1503807;60,381;1;3;2;1;1;4;1;1;1
1505307;60,436;3;1;5;1;1;2;1;1;4
1506807;60,491;2;1;3;1;1;5;1;1;4
1508339;60,547;1;1;3;1;1;4;1;1;2
1509839;60,603;2;1;3;1;1;4;1;1;5
1511339;60,657;1;1;3;1;1;4;1;1;2
1512839;60,715;2;4;1;1;1;5;1;1;3
1514339;60,77;2;1;1;1;1;4;1;1;3
1515839;60,823;3;5;1;1;1;2;1;1;4
1517339;60,878;1;3;1;1;1;4;1;1;2
1518839;60,932;2;1;1;3;1;5;1;1;4
1520339;60,989;2;1;5;1;1;4;1;1;3
1521839;61,041;1;1;2;1;1;4;1;1;3
1523339;61,118;1;1;4;1;1;3;1;1;2
1524862;61,616;2;1;3;1;1;1;1;1;4
1526362;61,706;3;1;4;1;2;6;1;1;5
1527862;61,765;4;1;5;2;1;3;1;1;6
1529362;61,818;2;1;1;4;1;5;1;1;3
1530862;61,872;2;1;1;1;1;4;1;1;3
1532362;61,927;2;1;1;1;1;4;1;1;3
1533862;61,983;1;1;1;4;1;3;1;1;2
1535362;62,04;5;1;1;2;4;6;1;1;3
1536862;62,1;3;1;4;2;1;6;1;1;5
1538362;62,154;2;1;3;1;1;5;1;1;4
1539862;62,209;1;1;2;1;1;4;1;1;3
1541392;62,264;2;1;3;1;1;1;1;1;4
1542892;62,319;1;1;2;1;1;4;1;1;3
1544392;62,375;2;1;3;1;1;5;1;1;4
1545892;62,432;3;1;2;5;1;4;1;1;6
1547392;62,486;2;1;3;1;1;5;1;1;4
1548892;62,54;1;1;2;1;1;3;1;1;4
1550392;62,592;1;1;2;1;1;4;1;1;3
1551892;62,644;3;1;1;1;1;4;1;1;2
1553392;62,7;2;1;4;1;1;5;1;1;3
1554892;62,754;4;1;3;1;1;5;1;1;2
1556392;62,808;1;1;2;1;1;4;1;1;3
1557918;62,866;1;5;2;1;1;4;1;1;3
1559418;62,92;1;1;4;1;1;2;1;1;3
1560918;62,975;1;1;2;1;1;4;1;1;1
1562418;63,029;1;3;2;1;1;4;1;1;1
1563918;63,087;1;1;5;6;2;3;1;1;4
1565418;63,143;1;1;4;2;6;5;1;1;3
1566918;63,198;1;1;3;2;1;4;1;1;5
1568418;63,253;1;1;2;3;1;4;1;1;1
1569918;63,306;1;1;2;3;1;4;1;1;1
1571418;63,363;1;1;3;2;1;5;1;1;4
1572918;63,416;1;1;3;1;1;2;1;1;4
1574450;63,476;1;1;3;5;2;6;1;1;4
1575950;63,53;1;1;2;5;1;4;1;1;3
1577450;63,585;1;1;3;4;1;1;1;1;2
1578950;63,64;1;1;3;2;1;1;1;1;4
1580450;63,695;1;5;3;2;1;1;1;1;4
1581950;63,75;1;2;4;3;1;1;1;1;1
1583450;63,804;1;4;5;2;1;1;1;1;3
1584950;63,86;3;4;5;2;1;1;1;1;1
1586450;63,91;2;1;1;4;1;1;1;1;1
1587950;63,988;3;5;4;2;1;1;1;1;1
1589450;64,039;3;4;2;1;1;1;1;1;1
1590979;64,094;3;2;4;1;1;1;1;1;1
1592479;64,15;3;5;4;2;1;1;1;1;6
1593979;64,206;1;4;5;3;1;1;1;1;2
1595479;64,256;1;2;3;4;1;1;1;1;1
1596979;64,312;1;1;4;2;1;3;1;1;5
1598479;64,365;1;1;4;2;1;1;1;1;3
1599979;64,418;1;1;3;2;1;1;1;1;4
1601479;64,474;3;1;1;2;1;5;1;1;4
1602979;64,529;4;1;1;1;3;2;1;1;5
1604479;64,585;3;1;1;1;1;2;1;1;4
1605979;64,639;1;1;1;1;2;5;1;1;3
1607500;64,696;1;3;1;1;4;5;1;1;2
1609000;64,753;1;1;4;1;3;2;1;1;5
1610500;64,808;1;1;3;2;4;5;1;1;1
1612000;64,861;1;1;3;1;2;4;1;1;1
1613500;64,917;1;1;3;4;2;1;1;1;1
1615000;64,973;5;1;4;3;1;2;1;1;1
1616500;65,029;5;1;4;3;1;2;1;1;1
1618000;65,084;2;1;5;1;1;3;1;1;4
1619500;65,137;3;1;1;1;1;4;1;1;2
1621000;65,189;3;1;1;1;1;2;1;1;4
1622500;65,245;3;1;2;1;1;5;1;1;4
1624022;65,303;2;1;1;1;1;4;1;1;3
1625522;65,371;4;6;3;2;1;1;1;1;5
1627022;65,489;1;5;2;4;1;1;1;1;3
1628522;65,56;1;4;3;2;1;1;1;1;1
1630022;65,614;1;2;3;4;1;1;1;1;1
1631522;65,669;1;1;4;3;5;1;1;1;2
1633022;65,726;1;1;4;2;1;3;1;1;5
1634522;65,78;3;1;5;2;1;1;1;1;4
1636022;65,833;4;1;2;3;1;1;1;1;1
1637522;65,886;3;1;1;2;1;1;1;1;4
1639022;65,941;2;5;4;1;1;1;1;1;3
1640552;65,998;2;1;4;1;3;1;1;1;5
1642052;66,054;3;1;4;1;2;1;1;1;5
1643552;66,106;2;1;1;1;4;1;1;1;3
1645052;66,162;2;1;1;1;3;1;1;1;4
1646552;66,217;2;1;4;1;3;1;1;1;5
1648052;66,273;1;5;2;1;3;1;1;1;4
1649552;66,344;1;1;2;1;4;1;1;1;3
1651052;66,4;1;1;4;1;2;3;1;1;5
1652552;66,455;1;1;2;1;1;4;1;1;3
1654052;66,509;1;1;2;1;1;3;1;1;4
1655552;66,567;6;1;3;4;2;5;1;1;1
1657076;66,637;4;1;3;2;1;5;1;1;1
1658576;66,691;4;1;5;3;1;2;1;1;1
1660076;66,742;2;1;3;1;1;4;1;1;1
1661576;66,797;2;1;3;1;1;4;1;1;1
1663076;66,853;1;1;2;4;1;5;1;1;3
1664576;66,91;1;1;4;1;3;5;1;1;2
1666076;66,963;1;1;4;1;1;2;1;1;3
1667576;67,019;1;1;3;1;2;5;1;1;1
1669076;67,076;1;3;2;1;1;4;1;1;5
1670576;67,131;2;1;3;1;1;5;1;1;4
1672076;67,188;4;1;3;1;1;2;1;1;5
1673601;67,246;4;1;2;1;1;1;1;1;3
1675101;67,301;3;1;1;1;1;4;1;1;2
1676601;67,356;2;1;3;1;1;5;1;1;4
1678101;67,412;2;1;5;1;1;3;1;1;4
1679601;67,465;1;1;2;1;1;4;1;1;3
1681101;67,52;3;1;5;2;1;1;1;1;4
1682601;67,574;1;1;4;3;1;1;1;1;2
1684101;67,626;4;1;1;3;1;1;1;1;2
1685601;67,683;2;1;3;1;4;1;1;1;5
1687101;67,738;3;1;5;1;2;1;1;1;4
1688601;67,793;4;1;3;1;2;1;1;1;5
1690130;67,848;2;1;1;1;4;1;1;1;3
1691630;67,901;3;1;1;1;2;1;1;1;4
1693130;67,956;1;1;4;3;2;1;1;1;5
1694630;68,01;1;1;3;2;4;1;1;1;1
1696130;68,063;1;1;4;2;1;1;1;1;3
1697630;68,12;1;1;3;4;2;6;1;1;1
1699130;68,175;1;1;4;3;1;2;1;1;1
1700630;68,23;5;1;1;4;3;2;1;1;1
1702130;68,283;4;1;1;1;3;2;1;1;1
1703630;68,334;4;1;1;1;3;2;1;1;1
1705130;68,39;4;1;1;1;3;2;1;1;5
1706655;68,445;1;1;1;1;2;4;1;1;3
1708155;68,501;4;1;2;1;3;1;1;1;5
1709655;68,558;4;5;2;1;3;1;1;1;1
1711155;68,611;3;1;1;1;4;1;1;1;1
1712655;68,665;1;4;2;5;3;1;1;1;1
1714155;68,717;1;4;1;2;3;1;1;1;1
1715655;68,775;1;1;5;4;2;3;1;1;1
1717155;68,831;1;1;3;5;2;4;1;1;1
1718655;68,885;1;1;2;3;1;4;1;1;1
1720155;68,942;5;1;3;2;4;1;1;1;1
1721655;68,993;4;1;1;3;2;1;1;1;1
1723191;69,05;4;5;3;2;1;1;1;1;1
1724691;69,103;2;1;1;3;1;1;1;1;1
1726191;69,156;4;1;2;3;1;1;1;1;5
1727691;69,211;3;1;4;2;1;1;1;1;5
1729191;69,266;2;1;1;3;1;1;1;1;4
1730691;69,32;1;1;5;3;4;1;1;1;2
1732191;69,373;1;1;2;4;3;1;1;1;1
1733691;69,43;1;4;5;2;1;1;1;1;3
1735191;69,482;1;1;4;3;1;1;1;1;1
1736691;69,538;1;1;2;4;1;5;1;1;1
1738191;69,596;4;1;3;2;1;6;1;1;5
1739726;69,655;3;1;1;5;1;4;1;1;2
1741226;69,711;3;1;1;2;1;5;1;1;4
1742726;69,764;2;1;1;1;1;4;1;1;3
1744226;69,817;2;1;1;1;1;4;1;1;3
1745726;69,875;3;1;1;2;1;5;1;1;4
1747226;69,93;3;1;2;1;1;5;1;1;4
1748726;69,984;3;1;1;1;1;4;1;1;2
1750226;70,039;3;1;2;1;1;5;1;1;4
1751726;70,093;3;1;2;1;1;1;1;1;4
1753226;70,147;1;1;2;1;1;4;1;1;3
1754726;70,205;3;1;6;2;1;5;1;1;4
1756250;70,284;3;1;1;5;1;4;1;1;2
1757750;70,386;2;1;1;1;1;4;1;1;3
1759250;70,44;2;1;1;1;1;4;1;1;3
1760750;70,496;5;1;1;3;2;1;1;1;4
1762250;70,55;1;1;1;4;3;1;1;1;2
1763750;70,607;1;1;2;4;3;1;1;1;5
1765250;70,661;1;3;1;4;5;1;1;1;2
1766750;70,716;1;1;1;2;4;1;1;1;3
1768250;70,772;1;1;1;3;4;5;1;1;2
1769750;70,828;1;1;1;2;1;3;1;1;4
1771250;70,883;3;1;1;2;5;1;1;1;4
1772779;70,94;1;1;4;3;5;1;1;1;2
1774279;70,992;1;1;2;1;4;1;1;1;3
1775779;71,048;1;4;2;1;5;1;1;1;3
1777279;71,102;1;2;1;1;4;1;1;1;3
1778779;71,16;1;3;1;1;4;5;1;1;2
1780279;71,215;5;1;1;1;2;4;1;1;3
1781779;71,27;1;1;1;1;2;3;1;1;4
1783279;71,325;2;1;1;3;1;4;1;1;5
1784779;71,378;3;1;1;1;1;2;1;1;4
1786279;71,436;4;1;1;3;1;5;1;1;2
1787779;71,492;4;1;1;2;1;5;1;1;3
1789305;71,548;2;1;1;1;1;4;1;1;3
1790805;71,602;4;1;1;3;2;1;1;1;5
1792305;71,656;2;1;1;1;4;1;1;1;3
1793805;71,709;4;1;1;3;1;1;1;1;2
1795305;71,766;5;1;2;1;4;1;1;1;3
1796805;71,822;2;4;5;1;3;1;1;1;1
1798305;71,878;4;1;5;1;2;3;1;1;1
1799805;71,932;4;1;3;1;2;1;1;1;1
1801305;71,985;2;1;1;1;3;4;1;1;1
1802805;72,042;3;1;5;2;1;4;1;1;1
1804305;72,096;5;1;3;2;1;1;1;1;4
1805833;72,155;5;4;1;3;1;1;1;1;2
1807333;72,207;4;1;1;2;1;1;1;1;3
1808833;72,261;3;4;1;2;1;1;1;1;1
1810333;72,316;3;4;1;2;5;1;1;1;1
1811833;72,371;4;5;1;3;1;2;1;1;1
1813333;72,428;3;1;4;2;1;5;1;1;1
1814833;72,481;1;1;3;2;1;4;1;1;1
1816333;72,535;2;1;4;3;1;1;1;1;1
1817833;72,591;3;1;2;1;1;5;1;1;4
1819333;72,647;5;1;3;1;1;2;1;1;4
1820833;72,703;3;4;1;1;1;5;1;1;2
1822369;72,761;1;3;1;1;1;4;1;1;2
1823869;72,815;3;1;1;1;1;4;1;1;2
1825369;72,873;2;1;1;3;1;5;1;1;4
1826869;72,926;2;1;1;1;1;4;1;1;3
1828369;72,983;2;1;1;4;3;5;1;1;6
1829869;73,04;4;1;1;2;1;5;1;1;3
1831369;73,093;3;1;1;1;1;2;1;1;4
1832869;73,149;3;1;1;2;1;4;1;1;5
1834369;73,202;3;1;1;2;1;1;1;1;4
1835869;73,255;2;1;1;3;1;4;1;1;1
1837369;73,314;4;1;2;1;5;6;1;1;3
1838890;73,371;1;1;4;1;2;5;1;1;3
1840390;73,427;1;1;2;1;1;3;1;1;4
1841890;73,482;1;1;3;1;2;5;1;1;4
1843390;73,537;1;1;1;1;2;4;1;1;3
1844890;73,594;1;1;3;2;1;5;1;1;4
1846390;73,651;3;1;2;1;1;5;1;1;4
1847890;73,705;2;1;1;1;1;4;1;1;3
1849390;73,761;3;1;1;1;1;4;1;1;2
1850890;73,815;4;1;1;1;1;3;1;1;2
1852390;73,874;2;4;1;1;5;6;1;1;3
1853890;73,932;5;1;1;2;4;6;1;1;3
1855423;73,992;3;1;1;2;1;5;1;1;4
1856923;74,045;2;1;1;1;1;4;1;1;3
1858423;74,099;2;1;1;1;1;4;1;1;3
1859923;74,155;5;1;1;4;1;3;1;1;2
1861423;74,211;3;1;1;2;1;5;1;1;4
1862923;74,268;3;1;1;2;1;5;1;1;4
1864423;74,321;3;1;1;2;1;1;1;1;4
1865923;74,375;3;1;1;2;1;1;1;1;4
1867423;74,428;4;1;1;2;1;1;1;1;3
1868923;74,484;5;1;1;2;1;4;1;1;3
1870423;74,539;4;1;1;3;1;2;1;1;5
1871945;74,597;3;1;1;2;4;1;1;1;5
1873471;74,666;3;1;1;1;2;1;1;1;4
1874971;74,719;1;1;1;3;4;1;1;1;2
1876495;74,777;3;1;1;1;4;1;1;1;2
1877995;74,83;1;1;1;4;2;1;1;1;3
1879495;74,889;6;1;4;3;2;1;1;1;5
1881014;74,948;5;1