Iteration;Time;TD-0;TD-1;TD-2;TD-3;TD-4;TD-5;TD-6;TD-7;TD-8;
2163;0,881;0;4;4;0;0;0;4;4;0
3663;0,97;0;3;3;4;0;0;3;3;0
5235;1,112;0;2;2;3;0;0;2;2;0
6735;1,171;0;1;1;2;0;0;1;1;0
8235;1,258;0;0;0;1;0;0;0;0;0
10291;1,437;0;0;0;0;0;4;0;5;4
11791;1,525;4;0;0;0;0;3;0;4;3
13291;1,574;3;0;0;4;0;2;0;3;2
14791;1,698;2;0;0;3;0;1;0;2;1
16322;1,81;1;0;0;2;0;0;4;1;0
17822;1,902;0;0;0;1;0;0;3;0;5
19322;1,981;0;0;0;0;0;0;2;6;4
20822;2,052;0;0;4;0;0;0;1;5;3
22322;2,114;0;4;3;0;0;0;0;4;2
23858;2,177;0;3;2;0;4;0;0;3;1
25358;2,24;0;2;1;0;3;0;4;2;0
26858;2,28;0;1;0;0;2;0;3;1;0
28358;2,326;0;0;5;0;1;0;2;0;0
29858;2,384;0;0;4;0;0;0;1;7;0
31358;2,444;0;0;3;4;0;0;0;6;0
32885;2,525;0;0;2;3;0;4;0;5;0
34385;2,582;0;4;1;2;0;3;4;4;0
35385;2,619;0;3;0;1;0;2;3;3;0
36885;2,667;0;2;0;0;0;1;2;2;0
38385;2,715;0;1;4;0;0;0;1;1;0
39885;2,764;0;0;3;4;0;0;0;0;0
41885;2,832;0;0;2;3;0;0;5;8;0
43412;2,888;0;0;1;2;0;4;4;99;0
44912;2,971;0;0;0;1;0;3;3;99;0
46412;3,019;0;0;5;0;0;2;2;99;0
47912;3,066;0;0;4;0;0;1;1;99;4
49412;3,107;0;0;3;0;0;0;0;99;3
50912;3,175;0;4;2;0;0;0;6;99;2
52412;3,228;0;3;1;0;0;0;5;99;1
53912;3,272;0;2;0;0;0;0;4;99;0
55441;3,317;0;1;0;0;0;4;3;99;0
56941;3,358;0;0;0;0;0;3;2;99;4
58441;3,403;0;0;0;0;4;2;1;99;3
59941;3,457;0;0;0;0;3;1;0;99;2
61441;3,505;0;0;4;0;2;0;0;99;1
62941;3,547;0;0;3;0;1;0;4;99;0
64441;3,591;4;0;2;0;0;0;3;99;0
65941;3,65;3;0;1;0;0;0;2;99;4
67441;3,716;2;0;0;0;0;0;1;99;3
68968;3,843;1;0;0;0;0;4;0;99;2
70468;3,892;0;0;4;0;0;3;0;99;1
71968;3,94;0;0;3;4;0;2;4;99;0
73468;3,992;0;0;2;3;0;1;3;99;0
74968;4,033;0;0;1;2;0;0;2;99;0
76468;4,069;0;0;0;1;0;0;1;99;4
77968;4,115;0;0;5;0;0;0;0;99;3
79468;4,149;0;0;4;5;0;0;5;99;2
80968;4,197;0;0;3;4;0;0;4;99;1
82468;4,247;0;0;2;3;0;0;3;99;0
83991;4,285;0;0;1;2;0;0;2;99;5
85491;4,342;0;0;0;1;0;0;1;99;4
86991;4,394;0;4;0;0;0;0;0;99;3
88491;4,45;0;3;0;0;0;0;6;99;2
89991;4,528;0;2;0;0;0;4;5;99;1
91491;4,573;0;1;0;0;0;3;4;99;0
92991;4,621;0;0;0;0;0;2;3;99;6
94491;4,675;0;0;4;0;0;1;2;99;5
95991;4,735;0;0;3;0;0;0;1;99;4
97491;4,783;0;0;2;0;0;5;0;99;3
98991;4,828;4;0;1;0;0;4;0;99;2
100524;4,882;3;0;0;0;0;3;4;99;1
102024;4,93;2;0;0;0;0;2;3;99;0
103524;4,986;1;0;0;0;0;1;2;99;7
105024;5,075;0;0;0;0;0;0;1;99;6
106524;5,159;0;0;4;0;0;0;0;99;5
108024;5,24;0;0;3;0;0;0;5;99;4
109524;5,33;0;0;2;4;0;0;4;99;3
111024;5,397;0;0;1;3;0;0;3;99;2
112524;5,499;0;0;0;2;0;0;2;99;1
114024;5,565;0;0;0;1;4;0;1;99;0
115524;5,642;0;0;0;0;3;0;0;99;8
117053;5,751;0;0;4;0;2;0;0;99;7
118553;5,872;0;0;3;0;1;0;4;99;6
120053;5,983;0;0;2;0;0;0;3;99;5
121553;6,077;0;0;1;4;0;0;2;99;4
123053;6,172;0;0;0;3;0;0;1;99;3
124553;6,24;0;0;0;2;4;0;0;99;2
126053;6,327;0;0;0;1;3;0;5;99;1
127553;6,423;0;0;0;0;2;0;4;99;0
129053;6,518;0;0;0;5;1;0;3;99;0
130553;6,691;0;0;0;4;0;0;2;99;4
132053;6,772;0;0;4;3;0;0;1;99;3
133584;6,84;0;0;3;2;0;0;0;99;2
135084;6,896;0;0;2;1;0;0;6;99;1
136584;6,949;0;0;1;0;0;0;5;99;0
138084;6,995;0;0;0;0;0;0;4;99;5
139584;7,073;0;0;0;0;0;4;3;99;4
141084;7,147;0;4;0;0;0;3;2;99;3
142584;7,194;0;3;0;0;0;2;1;99;2
144084;7,246;0;2;0;0;0;1;0;99;1
145584;7,296;0;1;0;0;0;0;7;99;0
147084;7,357;0;0;0;0;4;0;6;99;0
148584;7,428;0;0;4;0;3;0;5;99;0
150109;7,505;0;0;3;4;2;0;4;99;0
151609;7,555;0;0;2;3;1;0;3;99;0
153109;7,616;0;0;1;2;0;0;2;99;0
154609;7,678;0;0;0;1;0;4;1;99;0
156109;7,728;4;0;0;0;0;3;0;99;0
157609;7,775;3;0;0;0;0;2;8;99;0
159109;7,821;2;0;0;0;0;1;99;99;4
160609;7,866;1;0;0;0;0;0;99;99;3
162109;7,911;0;0;4;0;0;0;99;99;2
163609;7,961;0;0;3;0;0;4;99;99;1
165109;8,007;0;0;2;0;0;3;99;99;0
166638;8,058;0;0;1;0;4;2;99;99;0
168138;8,103;0;0;0;0;3;1;99;99;0
169638;8,149;0;0;0;0;2;0;99;99;4
171138;8,194;0;4;0;0;1;0;99;99;3
172638;8,245;0;3;0;0;0;0;99;99;2
174138;8,29;0;2;0;4;0;0;99;99;1
175638;8,337;0;1;0;3;0;0;99;99;0
177138;8,384;0;0;4;2;0;0;99;99;0
178638;8,429;0;0;3;1;4;0;99;99;0
180138;8,476;0;0;2;0;3;0;99;99;0
181638;8,525;0;0;1;5;2;0;99;99;0
183171;8,583;0;0;0;4;1;0;99;99;0
184671;8,628;0;0;0;3;0;4;99;99;0
186171;8,672;0;4;0;2;0;3;99;99;0
187671;8,715;0;3;0;1;0;2;99;99;0
189171;8,783;0;2;0;0;0;1;99;99;0
190671;8,825;0;1;0;0;0;0;99;99;4
192171;8,868;4;0;0;0;0;0;99;99;3
193671;8,914;3;0;0;0;4;0;99;99;2
195171;8,956;2;0;0;0;3;0;99;99;1
196671;8,998;1;0;0;0;2;0;99;99;0
198171;9,046;0;0;0;0;1;0;99;99;5
199699;9,107;0;0;4;0;0;0;99;99;4
201199;9,151;0;0;3;4;0;0;99;99;3
202699;9,194;0;0;2;3;0;0;99;99;2
204199;9,237;0;0;1;2;0;0;99;99;1
205699;9,28;0;0;0;1;0;0;99;99;0
207199;9,323;0;0;0;0;4;0;99;99;0
208699;9,366;0;0;0;0;3;0;99;99;4
210199;9,414;0;0;0;0;2;4;99;99;3
211699;9,456;0;0;0;0;1;3;99;99;2
213199;9,498;0;0;0;0;0;2;99;99;1
214699;9,544;0;0;4;0;0;1;99;99;0
216229;9,593;0;0;3;0;0;0;99;99;5
217729;9,637;0;0;2;0;4;0;99;99;4
219229;9,677;0;0;1;0;3;0;99;99;3
220729;9,72;0;0;0;0;2;0;99;99;2
222229;9,763;0;0;0;0;1;4;99;99;1
223729;9,805;0;0;0;0;0;3;99;99;0
225229;9,849;0;0;0;0;0;2;99;99;6
226729;9,881;4;0;0;0;0;1;99;99;5
228229;9,928;3;0;0;0;0;0;99;99;4
229729;9,985;2;0;0;0;4;0;99;99;3
231229;10,028;1;0;0;0;3;0;99;99;2
232753;10,094;0;0;0;0;2;0;99;99;1
234253;10,152;0;0;0;0;1;4;99;99;0
235753;10,208;0;0;0;0;0;3;99;99;7
237253;10,267;0;0;4;0;0;2;99;99;6
238753;10,326;0;0;3;0;0;1;99;99;5
240253;10,384;0;0;2;0;0;0;99;99;4
241753;10,441;0;0;1;0;4;0;99;99;3
243253;10,498;0;0;0;0;3;0;99;99;2
244753;10,556;0;4;0;0;2;0;99;99;1
246253;10,613;0;3;0;0;1;0;99;99;0
247753;10,672;0;2;0;4;0;0;99;99;0
249283;10,742;0;1;4;3;0;0;99;99;0
250783;10,798;0;0;3;2;0;0;99;99;0
252283;10,86;0;0;2;1;0;0;99;99;4
253783;10,918;0;0;1;0;0;0;99;99;3
255283;10,967;0;0;0;5;0;0;99;99;2
256783;11,023;0;0;5;4;0;0;99;99;1
258283;11,083;0;0;4;3;0;0;99;99;0
259783;11,138;0;0;3;2;4;0;99;99;0
261283;11,207;0;0;2;1;3;0;99;99;0
262783;11,255;0;0;1;0;2;0;99;99;0
264283;11,304;0;0;0;6;1;0;99;99;0
265814;11,36;0;0;0;5;0;0;99;99;4
267314;11,433;0;0;0;4;5;0;99;99;3
268814;11,48;0;0;0;3;4;0;99;99;2
270314;11,524;0;0;0;2;3;0;99;99;1
271814;11,567;0;0;0;1;2;0;99;99;0
273314;11,612;0;0;0;0;1;0;99;99;5
274814;11,658;0;0;0;0;0;4;99;99;4
276314;11,702;4;0;0;0;0;3;99;99;3
277814;11,734;3;0;0;0;0;2;99;99;2
279314;11,765;2;0;0;0;0;1;99;99;1
280814;11,81;1;0;0;0;0;0;99;99;0
282345;12,338;0;4;0;0;0;0;99;99;0
283845;12,385;0;3;0;0;0;0;99;99;4
285345;12,436;0;2;0;0;4;0;99;99;3
286845;12,483;0;1;0;0;3;0;99;99;2
288345;12,531;0;0;0;0;2;0;99;99;1
289845;12,581;0;0;0;0;1;4;99;99;0
291345;12,625;0;0;0;0;0;3;99;99;5
292845;12,655;0;0;4;0;0;2;99;99;4
294345;12,694;0;0;3;0;0;1;99;99;3
295845;12,742;0;0;2;0;0;0;99;99;2
297345;12,788;0;4;1;0;0;0;99;99;1
298875;12,825;0;3;0;0;0;0;99;99;0
300375;12,863;0;2;5;0;0;0;99;99;0
301875;12,904;0;1;4;4;0;0;99;99;0
303375;12,949;0;0;3;3;0;0;99;99;0
304875;12,982;0;0;2;2;0;0;99;99;4
306375;13,012;0;0;1;1;0;0;99;99;3
307875;13,042;0;0;0;0;0;0;99;99;2
309375;13,072;0;0;6;0;0;0;99;99;1
310875;13,104;0;0;5;0;4;0;99;99;0
312375;13,136;0;0;4;0;3;4;99;99;0
313875;13,167;0;0;3;0;2;3;99;99;0
315398;13,201;0;0;2;0;1;2;99;99;0
316898;13,235;0;0;1;0;0;1;99;99;0
318398;13,267;0;0;0;4;0;0;99;99;0
319898;13,297;0;0;0;3;0;5;99;99;0
321398;13,329;0;0;0;2;0;4;99;99;4
322898;13,358;0;0;0;1;0;3;99;99;3
324398;13,389;0;0;0;0;0;2;99;99;2
325898;13,434;0;4;0;0;0;1;99;99;1
327398;13,483;0;3;0;0;0;0;99;99;0
328898;13,529;0;2;0;0;0;0;99;99;5
330398;13,555;0;1;4;0;0;0;99;99;4
331930;13,719;0;0;3;0;0;0;99;99;3
333430;13,767;0;0;2;4;0;0;99;99;2
334930;13,815;0;0;1;3;0;0;99;99;1
336430;13,862;0;0;0;2;0;0;99;99;0
337930;13,907;0;0;0;1;0;0;99;99;6
339430;13,956;0;4;0;0;0;0;99;99;5
340930;14,003;0;3;4;0;0;0;99;99;4
342430;14,074;0;2;3;0;0;0;99;99;3
343930;14,173;0;1;2;0;0;0;99;99;2
345430;14,262;0;0;1;0;0;0;99;99;1
346930;14,361;0;0;0;0;4;0;99;99;0
348461;14,462;0;0;5;0;3;0;99;99;0
349961;14,545;0;4;4;0;2;0;99;99;0
351461;14,598;0;3;3;0;1;0;99;99;0
352961;14,643;0;2;2;0;0;0;99;99;0
354461;14,69;0;1;1;0;0;0;99;99;4
355961;14,737;0;0;0;0;0;0;99;99;3
357461;14,786;0;0;0;0;4;0;99;99;2
358961;14,833;0;4;0;0;3;0;99;99;1
360461;14,879;0;3;0;0;2;0;99;99;0
361961;14,925;0;2;4;0;1;0;99;99;0
363461;14,972;0;1;3;0;0;0;99;99;0
364988;15,023;0;0;2;0;0;4;99;99;0
366488;15,071;0;0;1;0;0;3;99;99;4
367988;15,117;0;0;0;0;0;2;99;99;3
369488;15,162;0;0;0;0;4;1;99;99;2
370988;15,207;0;0;0;0;3;0;99;99;1
372488;15,255;0;4;0;0;2;0;99;99;0
373988;15,3;0;3;4;0;1;0;99;99;0
375488;15,342;0;2;3;0;0;0;99;99;0
376988;15,385;0;1;2;0;0;0;99;99;4
378488;15,427;0;0;1;0;0;0;99;99;3
379988;15,471;0;0;0;0;0;4;99;99;2
381513;15,521;0;0;0;4;0;3;99;99;1
383013;15,572;0;0;0;3;0;2;99;99;0
384513;15,623;0;0;0;2;0;1;99;99;5
386013;15,672;0;0;0;1;0;0;99;99;4
387513;15,723;0;0;0;0;4;0;99;99;3
389013;15,771;0;0;4;0;3;0;99;99;2
390513;15,821;0;0;3;0;2;0;99;99;1
392013;15,882;0;0;2;0;1;0;99;99;0
393513;15,937;0;0;1;0;0;0;99;99;6
395013;15,984;0;0;0;0;5;0;99;99;5
396513;16,031;0;4;0;0;4;0;99;99;4
398039;16,094;0;3;0;0;3;0;99;99;3
399539;16,167;0;2;0;0;2;0;99;99;2
401039;16,222;0;1;0;0;1;0;99;99;1
402539;16,27;0;0;0;0;0;0;99;99;0
404539;16,334;0;0;0;4;6;0;99;99;0
406039;16,383;0;0;0;3;5;0;99;99;4
407539;16,43;0;0;0;2;4;0;99;99;3
409039;16,48;0;0;0;1;3;0;99;99;2
410539;16,527;0;0;0;0;2;0;99;99;1
412039;16,562;0;0;0;5;1;0;99;99;0
413539;16,59;0;0;4;4;0;0;99;99;0
415060;16,626;0;0;3;3;7;0;99;99;0
416560;16,675;0;0;2;2;6;0;99;99;0
418060;16,726;0;0;1;1;5;0;99;99;0
419560;16,775;0;0;0;0;4;0;99;99;0
421060;16,821;0;0;5;0;3;0;99;99;0
422560;16,856;0;0;4;4;2;0;99;99;0
424060;16,9;0;0;3;3;1;0;99;99;0
425560;16,949;0;0;2;2;0;0;99;99;0
427060;16,99;0;0;1;1;8;0;99;99;0
428560;17,031;0;0;0;0;7;0;99;99;0
430060;17,083;0;0;0;0;6;0;99;99;4
431591;17,136;0;0;4;0;5;0;99;99;3
433091;17,182;0;0;3;0;4;0;99;99;2
434591;17,227;0;0;2;0;3;0;99;99;1
436091;17,273;0;0;1;0;2;0;99;99;0
437591;17,321;0;0;0;0;1;4;99;99;0
439091;17,369;0;0;0;4;0;3;99;99;0
440591;17,414;0;0;0;3;0;2;99;99;4
442091;17,459;0;0;0;2;0;1;99;99;3
443591;17,504;0;0;0;1;0;0;99;99;2
445091;17,551;0;0;0;0;0;5;99;99;1
446591;17,595;4;0;0;0;0;4;99;99;0
448115;17,645;3;0;4;0;0;3;99;99;0
449615;17,691;2;0;3;0;0;2;99;99;0
451115;17,737;1;0;2;0;0;1;99;99;0
452615;17,784;0;0;1;0;0;0;99;99;0
454115;17,83;0;0;0;0;4;0;99;99;0
455615;17,877;4;0;0;0;3;0;99;99;4
457115;17,921;3;0;0;0;2;0;99;99;3
458615;17,97;2;0;0;0;1;0;99;99;2
460115;18,024;1;0;0;0;0;0;99;99;1
461615;18,077;0;0;4;0;0;0;99;99;0
463115;18,127;0;0;3;0;4;0;99;99;0
464642;18,179;0;0;2;4;3;0;99;99;0
466142;18,227;0;0;1;3;2;0;99;99;0
467642;18,274;0;0;0;2;1;0;99;99;0
469142;18,319;0;0;0;1;0;0;99;99;4
470642;18,365;0;0;0;0;5;0;99;99;3
472142;18,413;4;0;0;0;4;0;99;99;2
473642;18,458;3;0;0;0;3;0;99;99;1
475142;18,51;2;0;0;0;2;0;99;99;0
476642;18,575;1;0;4;0;1;0;99;99;0
478142;18,636;0;0;3;0;0;0;99;99;0
479642;18,688;0;0;2;0;6;0;99;99;0
481167;18,745;0;0;1;0;5;0;99;99;4
482667;18,799;0;0;0;0;4;0;99;99;3
484167;18,854;0;0;0;0;3;4;99;99;2
485667;18,9;0;0;0;0;2;3;99;99;1
487167;18,949;0;0;0;0;1;2;99;99;0
488667;19,0;0;0;0;0;0;1;99;99;5
490167;19,058;4;0;0;0;0;0;99;99;4
491667;19,111;3;0;0;0;4;0;99;99;3
493167;19,162;2;0;0;0;3;0;99;99;2
494667;19,213;1;0;0;0;2;0;99;99;1
496167;19,265;0;0;0;0;1;0;99;99;0
497692;19,324;0;0;0;0;0;4;99;99;0
499192;19,375;0;0;0;0;0;3;99;99;4
500692;19,423;0;4;0;0;0;2;99;99;3
502192;19,469;0;3;0;0;0;1;99;99;2
503692;19,519;0;2;0;0;0;0;99;99;1
505192;19,569;4;1;0;0;0;0;99;99;0
506692;19,622;3;0;0;0;4;0;99;99;0
508192;19,675;2;0;4;0;3;0;99;99;0
509692;19,729;1;0;3;0;2;0;99;99;0
511192;19,779;0;0;2;0;1;0;99;99;0
512692;19,828;0;0;1;4;0;0;99;99;0
514215;19,886;0;0;0;3;5;0;99;99;0
515715;19,937;4;0;0;2;4;0;99;99;0
517215;19,988;3;0;0;1;3;0;99;99;0
518715;20,038;2;0;0;0;2;0;99;99;0
520215;20,089;1;0;0;0;1;0;99;99;4
521715;20,137;0;0;0;0;0;0;99;99;3
523215;20,186;0;0;0;4;0;0;99;99;2
524715;20,237;0;0;0;3;4;0;99;99;1
526215;20,27;0;0;0;2;3;0;99;99;0
527715;20,302;0;0;0;1;2;0;99;99;5
529215;20,345;0;0;0;0;1;0;99;99;4
530744;20,394;0;0;4;0;0;0;99;99;3
532244;20,439;4;0;3;0;0;0;99;99;2
533744;20,483;3;0;2;0;0;0;99;99;1
535244;20,528;2;0;1;0;0;0;99;99;0
536744;20,571;1;0;0;0;0;4;99;99;0
538244;20,615;0;0;0;0;0;3;99;99;4
539744;20,654;0;0;0;0;4;2;99;99;3
541244;20,683;0;0;0;0;3;1;99;99;2
542744;20,713;0;0;0;0;2;0;99;99;1
544244;20,743;4;0;0;0;1;0;99;99;0
545744;20,773;3;0;0;0;0;4;99;99;0
547280;20,832;2;0;0;0;0;3;99;99;4
548780;20,88;1;0;0;0;0;2;99;99;3
550280;20,929;0;0;0;0;0;1;99;99;2
551780;20,979;0;0;4;0;0;0;99;99;1
553280;21,018;0;0;3;0;4;0;99;99;0
554780;21,065;4;0;2;0;3;0;99;99;0
556280;21,113;3;0;1;0;2;0;99;99;0
557780;21,163;2;0;0;0;1;0;99;99;0
559280;21,214;1;0;0;0;0;4;99;99;0
560780;21,263;0;0;0;0;0;3;99;99;4
562280;21,311;0;4;0;0;0;2;99;99;3
563806;21,363;0;3;0;0;0;1;99;99;2
565306;21,406;0;2;0;0;0;0;99;99;1
566806;21,455;0;1;0;4;0;0;99;99;0
568306;21,504;0;0;0;3;4;0;99;99;0
569806;21,553;0;0;0;2;3;4;99;99;0
571306;21,603;0;0;0;1;2;3;99;99;0
572806;21,65;0;0;0;0;1;2;99;99;0
574306;21,698;0;0;0;0;0;1;99;99;4
575806;21,747;0;0;0;0;5;0;99;99;3
577306;21,805;0;0;4;0;4;0;99;99;2
578806;21,854;0;0;3;0;3;0;99;99;1
580333;21,907;0;0;2;0;2;0;99;99;0
581833;21,956;0;0;1;4;1;0;99;99;0
583333;22,003;0;0;0;3;0;0;99;99;0
584833;22,051;0;0;0;2;0;4;99;99;0
586333;22,101;0;0;4;1;0;3;99;99;0
587833;22,154;0;0;3;0;0;2;99;99;0
589333;22,204;0;0;2;0;0;1;99;99;4
590833;22,253;0;0;1;0;0;0;99;99;3
592333;22,301;0;0;0;0;4;0;99;99;2
593833;22,35;0;0;0;4;3;0;99;99;1
595333;22,396;0;0;0;3;2;0;99;99;0
596859;22,449;0;0;4;2;1;0;99;99;0
598359;22,498;0;0;3;1;0;0;99;99;0
599859;22,548;0;0;2;0;0;0;99;99;4
601359;22,596;4;0;1;0;0;0;99;99;3
602859;22,645;3;0;0;0;0;0;99;99;2
604359;22,695;2;0;0;0;0;4;99;99;1
605859;22,744;1;0;0;0;0;3;99;99;0
607359;22,864;0;0;0;4;0;2;99;99;0
608859;22,94;0;0;0;3;4;1;99;99;0
610359;22,989;0;0;0;2;3;0;99;99;0
611859;23,05;0;0;0;1;2;5;99;99;0
613393;23,102;0;0;0;0;1;4;99;99;0
614893;23,149;0;0;4;0;0;3;99;99;0
616393;23,199;0;0;3;0;5;2;99;99;0
617893;23,248;0;0;2;0;4;1;99;99;0
619393;23,295;0;0;1;0;3;0;99;99;0
620893;23,344;0;0;0;4;2;0;99;99;0
622393;23,392;0;0;0;3;1;4;99;99;0
623893;23,439;0;0;0;2;0;3;99;99;0
625393;23,485;0;0;0;1;0;2;99;99;4
626893;23,532;0;0;0;0;0;1;99;99;3
628393;23,58;0;0;4;0;0;0;99;99;2
629923;23,65;0;0;3;0;4;0;99;99;1
631423;23,697;0;0;2;0;3;0;99;99;0
632923;23,743;0;0;1;4;2;0;99;99;0
634423;23,79;0;0;0;3;1;0;99;99;0
635923;23,836;0;0;5;2;0;0;99;99;0
637423;23,884;0;0;4;1;5;0;99;99;0
638923;23,931;0;0;3;0;4;0;99;99;0
640423;23,979;0;0;2;5;3;0;99;99;0
641923;24,025;0;0;1;4;2;0;99;99;0
643423;24,072;0;0;0;3;1;0;99;99;0
644923;24,122;0;0;6;2;0;0;99;99;0
646448;24,178;0;0;5;1;0;4;99;99;0
647948;24,225;0;0;4;0;0;3;99;99;0
649448;24,27;0;4;3;0;0;2;99;99;0
650948;24,315;0;3;2;0;0;1;99;99;0
652448;24,361;0;2;1;0;0;0;99;99;0
653948;24,409;0;1;0;4;0;0;99;99;0
655448;24,456;0;0;0;3;0;4;99;99;0
656948;24,502;0;0;0;2;0;3;99;99;4
658448;24,547;0;0;0;1;0;2;99;99;3
659948;24,592;0;0;0;0;0;1;99;99;2
661448;24,638;0;0;0;0;4;0;99;99;1
662975;24,701;0;0;4;0;3;0;99;99;0
664475;24,746;0;0;3;0;2;0;99;99;5
665975;24,792;0;0;2;0;1;0;99;99;4
667475;24,838;0;0;1;0;0;0;99;99;3
668975;24,888;0;0;0;4;0;0;99;99;2
670475;24,937;0;0;0;3;4;0;99;99;1
671975;24,984;0;0;0;2;3;0;99;99;0
673475;25,03;0;0;4;1;2;0;99;99;0
674975;25,077;0;0;3;0;1;0;99;99;0
676475;25,127;0;0;2;0;0;0;99;99;4
677975;25,176;0;0;1;4;0;0;99;99;3
679509;25,233;0;0;0;3;0;0;99;99;2
681009;25,28;0;0;0;2;0;4;99;99;1
682509;25,328;0;0;0;1;0;3;99;99;0
684009;25,375;0;0;0;0;0;2;99;99;5
685509;25,423;0;0;4;0;0;1;99;99;4
687009;25,469;0;0;3;0;0;0;99;99;3
688509;25,516;0;0;2;0;4;0;99;99;2
690009;25,564;0;0;1;0;3;0;99;99;1
691509;25,611;0;0;0;0;2;0;99;99;0
693009;25,658;0;0;0;4;1;0;99;99;0
694509;25,709;0;0;4;3;0;0;99;99;0
696046;25,766;0;0;3;2;0;4;99;99;0
697546;25,816;0;0;2;1;0;3;99;99;0
699046;25,865;0;0;1;0;0;2;99;99;0
700546;25,917;0;4;0;0;0;1;99;99;0
702046;25,964;0;3;5;0;0;0;99;99;0
703546;26,011;0;2;4;0;0;5;99;99;0
705046;26,059;0;1;3;0;0;4;99;99;0
706546;26,107;0;0;2;0;0;3;99;99;0
708046;26,156;0;0;1;0;4;2;99;99;0
709546;26,204;0;0;0;0;3;1;99;99;0
711046;26,252;0;0;0;0;2;0;99;99;4
712577;26,308;0;0;0;0;1;6;99;99;3
714077;26,354;0;0;0;0;0;5;99;99;2
715577;26,401;0;0;0;4;0;4;99;99;1
717077;26,45;0;0;0;3;0;3;99;99;0
718577;26,5;0;0;0;2;4;2;99;99;0
720077;26,547;0;0;0;1;3;1;99;99;0
721577;26,595;0;0;0;0;2;0;99;99;0
723077;26,643;0;0;0;0;1;7;99;99;0
724577;26,69;0;0;0;0;0;6;99;99;4
726077;26,74;0;4;0;0;0;5;99;99;3
727577;26,787;0;3;0;0;0;4;99;99;2
729110;27,096;0;2;0;0;0;3;99;99;1
730610;27,165;0;1;0;0;0;2;99;99;0
732110;27,212;0;0;0;4;0;1;99;99;0
733610;27,261;0;0;4;3;0;0;99;99;0
735110;27,31;0;0;3;2;4;0;99;99;0
736610;27,359;0;0;2;1;3;0;99;99;0
738110;27,408;0;0;1;0;2;0;99;99;0
739610;27,457;0;0;0;5;1;0;99;99;0
741110;27,506;0;0;5;4;0;0;99;99;0
742610;27,562;0;0;4;3;0;0;99;99;4
744110;27,664;0;0;3;2;0;0;99;99;3
745643;27,766;0;0;2;1;0;0;99;99;2
747143;27,841;0;0;1;0;0;0;99;99;1
748643;27,888;0;0;0;0;4;0;99;99;0
750143;27,937;0;0;6;0;3;0;99;99;0
751643;27,987;0;0;5;0;2;0;99;99;4
753143;28,039;0;0;4;0;1;0;99;99;3
754643;28,088;0;0;3;0;0;0;99;99;2
756143;28,137;0;0;2;0;5;0;99;99;1
757643;28,185;0;0;1;0;4;0;99;99;0
759143;28,234;0;0;0;0;3;4;99;99;0
760643;28,28;0;0;0;0;2;3;99;99;4
762164;28,327;0;0;0;0;1;2;99;99;3
763664;28,372;0;0;0;0;0;1;99;99;2
765164;28,41;0;4;0;0;0;0;99;99;1
766664;28,597;0;3;0;0;4;0;99;99;0
768164;28,627;0;2;4;0;3;0;99;99;0
769664;28,654;0;1;3;0;2;0;99;99;0
771164;28,694;0;0;2;0;1;0;99;99;0
772664;28,741;0;0;1;4;0;0;99;99;0
774164;28,79;0;0;0;3;0;4;99;99;0
775664;28,838;0;0;0;2;0;3;99;99;4
777164;28,885;0;0;0;1;0;2;99;99;3
778695;28,939;0;0;0;0;0;1;99;99;2
780195;28,986;0;0;4;0;0;0;99;99;1
781695;29,035;0;0;3;0;4;0;99;99;0
783195;29,082;0;0;2;0;3;0;99;99;5
784695;29,129;0;0;1;0;2;0;99;99;4
786195;29,177;0;0;0;0;1;0;99;99;3
787695;29,224;0;0;0;0;0;4;99;99;2
789195;29,271;0;0;4;0;0;3;99;99;1
790695;29,318;0;0;3;0;0;2;99;99;0
792195;29,366;0;0;2;4;0;1;99;99;0
793695;29,402;0;0;1;3;0;0;99;99;0
795217;29,434;0;0;0;2;0;0;99;99;4
796717;29,465;0;0;5;1;0;0;99;99;3
798217;29,515;0;0;4;0;0;0;99;99;2
799717;29,564;0;0;3;5;0;0;99;99;1
801217;29,615;0;0;2;4;0;0;99;99;0
802717;29,665;0;0;1;3;0;0;99;99;5
804217;29,715;0;0;0;2;0;0;99;99;4
805717;29,765;0;0;0;1;0;4;99;99;3
807217;29,813;0;0;0;0;0;3;99;99;2
808717;29,859;4;0;0;0;0;2;99;99;1
810217;29,907;3;0;0;0;0;1;99;99;0
811750;29,964;2;0;0;0;4;0;99;99;0
813250;30,015;1;0;4;0;3;0;99;99;0
814750;30,065;0;0;3;0;2;0;99;99;0
816250;30,113;0;0;2;0;1;0;99;99;4
817750;30,162;0;0;1;0;0;0;99;99;3
819250;30,211;0;0;0;4;0;0;99;99;2
820750;30,259;0;0;0;3;4;0;99;99;1
822250;30,309;0;0;0;2;3;0;99;99;0
823750;30,357;0;0;4;1;2;0;99;99;0
825250;30,404;0;0;3;0;1;0;99;99;0
826750;30,447;0;0;2;5;0;0;99;99;0
828277;30,498;0;0;1;4;5;0;99;99;0
829777;30,535;0;0;0;3;4;0;99;99;0
831277;30,579;0;0;5;2;3;0;99;99;0
832777;30,621;0;0;4;1;2;0;99;99;0
834277;30,654;0;0;3;0;1;0;99;99;0
835777;30,686;0;0;2;6;0;0;99;99;0
837277;30,717;0;0;1;5;6;0;99;99;0
838777;30,748;0;0;0;4;5;0;99;99;0
840277;30,78;0;0;6;3;4;0;99;99;0
841777;30,811;0;0;5;2;3;0;99;99;0
843277;30,843;0;0;4;1;2;0;99;99;0
844801;30,895;0;0;3;0;1;0;99;99;0
846301;30,943;0;0;2;0;0;0;99;99;4
847801;30,991;0;0;1;0;0;4;99;99;3
849301;31,038;0;0;0;0;0;3;99;99;2
850801;31,089;0;0;0;4;0;2;99;99;1
852301;31,141;0;0;0;3;0;1;99;99;0
853801;31,187;0;0;4;2;0;0;99;99;0
855301;31,234;0;0;3;1;4;0;99;99;0
856801;31,283;0;0;2;0;3;0;99;99;0
858301;31,331;0;0;1;0;2;0;99;99;4
859801;31,382;0;0;0;0;1;0;99;99;3
861323;31,434;0;0;5;0;0;0;99;99;2
862823;31,5;0;0;4;4;0;0;99;99;1
864323;31,548;0;0;3;3;0;0;99;99;0
865823;31,598;0;0;2;2;4;0;99;99;0
867323;31,65;0;0;1;1;3;0;99;99;0
868823;31,698;0;0;0;0;2;0;99;99;0
870323;31,744;0;0;0;0;1;4;99;99;0
871823;31,792;0;4;0;0;0;3;99;99;0
873323;31,838;4;3;0;0;0;2;99;99;0
874823;31,884;3;2;0;0;0;1;99;99;0
876323;31,93;2;1;0;0;0;0;99;99;0
877851;32,115;1;0;0;0;4;0;99;99;0
879351;32,164;0;0;4;0;3;0;99;99;0
880851;32,199;0;0;3;4;2;0;99;99;0
882351;32,23;0;0;2;3;1;0;99;99;0
883851;32,261;0;0;1;2;0;0;99;99;0
885351;32,293;0;0;0;1;5;0;99;99;0
886851;32,324;0;0;5;0;4;0;99;99;0
888351;32,355;0;0;4;0;3;4;99;99;0
889851;32,386;0;0;3;0;2;3;99;99;0
891351;32,416;0;0;2;0;1;2;99;99;0
892851;32,447;0;0;1;0;0;1;99;99;0
894381;32,486;0;4;0;0;0;0;99;99;0
895881;32,518;0;3;6;0;0;0;99;99;0
897381;32,565;0;2;5;0;4;0;99;99;0
898881;32,617;0;1;4;0;3;0;99;99;0
900381;32,688;0;0;3;0;2;0;99;99;0
901881;32,735;0;0;2;4;1;0;99;99;0
903381;32,783;0;0;1;3;0;0;99;99;0
904881;32,831;0;0;0;2;0;4;99;99;0
906381;32,879;0;0;7;1;0;3;99;99;0
907881;32,926;0;0;6;0;0;2;99;99;0
909381;32,975;0;0;5;5;0;1;99;99;0
910904;33,027;0;0;4;4;0;0;99;99;0
912404;33,076;0;0;3;3;4;0;99;99;0
913904;33,122;0;0;2;2;3;0;99;99;0
915404;33,171;0;0;1;1;2;0;99;99;0
916904;33,217;0;0;0;0;1;0;99;99;0
918404;33,265;0;0;0;6;0;0;99;99;0
919904;33,314;0;0;4;5;0;0;99;99;0
921404;33,363;0;0;3;4;4;0;99;99;0
922904;33,41;0;0;2;3;3;0;99;99;0
924404;33,458;0;0;1;2;2;0;99;99;0
925904;33,508;0;0;0;1;1;0;99;99;0
927433;33,562;0;4;0;0;0;0;99;99;0
928933;33,61;0;3;0;0;5;0;99;99;0
930433;33,66;0;2;4;0;4;0;99;99;0
931933;33,71;0;1;3;0;3;0;99;99;0
933433;33,756;0;0;2;0;2;0;99;99;0
934933;33,802;0;0;1;4;1;0;99;99;0
936433;33,835;0;0;0;3;0;0;99;99;0
937933;33,868;0;0;5;2;0;0;99;99;0
939433;33,899;0;0;4;1;0;0;99;99;4
940933;33,95;0;0;3;0;0;0;99;99;3
942433;33,999;0;0;2;5;0;0;99;99;2
943965;34,054;0;0;1;4;0;0;99;99;1
945465;34,103;0;0;0;3;0;0;99;99;0
946965;34,15;0;0;0;2;4;0;99;99;0
948465;34,197;0;0;0;1;3;0;99;99;4
949965;34,242;0;0;0;0;2;0;99;99;3
951465;34,288;0;0;0;0;1;4;99;99;2
952965;34,331;0;0;0;0;0;3;99;99;1
954465;34,377;0;0;0;4;0;2;99;99;0
955965;34,425;0;0;0;3;0;1;99;99;5
957465;34,472;0;0;0;2;0;0;99;99;4
958965;34,521;0;0;0;1;4;0;99;99;3
960490;34,572;0;0;0;0;3;0;99;99;2
961990;34,62;0;0;0;5;2;0;99;99;1
963490;34,67;0;0;0;4;1;0;99;99;0
964990;34,723;0;0;0;3;0;0;99;99;6
966490;34,775;0;0;0;2;0;4;99;99;5
967990;34,823;0;0;0;1;0;3;99;99;4
969490;34,87;0;0;0;0;0;2;99;99;3
970990;34,919;0;4;0;0;0;1;99;99;2
972490;34,966;0;3;0;0;0;0;99;99;1
973990;35,014;0;2;0;4;0;0;99;99;0
975490;35,063;0;1;4;3;0;0;99;99;0
977017;35,117;0;0;3;2;0;0;99;99;0
978517;35,167;0;0;2;1;4;0;99;99;0
980017;35,216;0;0;1;0;3;0;99;99;0
981517;35,263;0;0;0;0;2;4;99;99;0
983017;35,312;0;0;5;0;1;3;99;99;0
984517;35,357;0;0;4;0;0;2;99;99;0
986017;35,404;0;0;3;0;0;1;99;99;4
987517;35,451;0;0;2;0;0;0;99;99;3
989017;35,499;0;0;1;0;4;0;99;99;2
990517;35,546;0;0;0;0;3;0;99;99;1
992017;35,594;0;0;0;0;2;4;99;99;0
993538;35,642;0;0;0;0;1;3;99;99;5
995038;35,687;0;0;0;0;0;2;99;99;4
996538;35,738;0;0;0;4;0;1;99;99;3
998038;35,785;0;0;0;3;0;0;99;99;2
999538;35,832;0;0;0;2;4;0;99;99;1
1001038;35,879;0;0;0;1;3;0;99;99;0
1002538;35,926;0;0;0;0;2;4;99;99;0
1004038;35,972;0;0;0;0;1;3;99;99;4
1005538;36,016;0;0;0;0;0;2;99;99;3
1007038;36,063;0;0;4;0;0;1;99;99;2
1008538;36,111;0;0;3;0;0;0;99;99;1
1010063;36,163;0;4;2;0;0;0;99;99;0
1011563;36,211;0;3;1;0;4;0;99;99;0
1013063;36,26;0;2;0;0;3;0;99;99;0
1014563;36,308;0;1;5;0;2;0;99;99;0
1016063;36,357;0;0;4;0;1;0;99;99;0
1017563;36,404;0;0;3;4;0;0;99;99;0
1019063;36,453;0;0;2;3;5;0;99;99;0
1020563;36,501;0;0;1;2;4;0;99;99;0
1022063;36,55;0;0;0;1;3;0;99;99;0
1023563;36,6;0;0;6;0;2;0;99;99;0
1025063;36,65;0;0;5;0;1;4;99;99;0
1026587;36,704;0;0;4;0;0;3;99;99;0
1028087;36,753;0;0;3;4;0;2;99;99;0
1029587;36,8;0;0;2;3;0;1;99;99;0
1031087;36,849;0;0;1;2;0;0;99;99;0
1032587;36,897;4;0;0;1;0;0;99;99;0
1034087;36,946;3;0;7;0;0;0;99;99;0
1035587;36,997;2;0;6;0;4;0;99;99;0
1037087;37,046;1;0;5;0;3;0;99;99;0
1038587;37,095;0;0;4;0;2;0;99;99;0
1040087;37,145;0;0;3;4;1;0;99;99;0
1041587;37,195;0;0;2;3;0;0;99;99;0
1043116;37,253;0;0;1;2;0;4;99;99;0
1044616;37,32;0;0;0;1;0;3;99;99;0
1046116;37,359;0;0;8;0;0;2;99;99;0
1047616;37,409;4;0;7;0;0;1;99;99;0
1049116;37,46;3;0;6;0;0;0;99;99;0
1050616;37,512;2;0;5;0;4;0;99;99;0
1052116;37,563;1;0;4;0;3;0;99;99;0
1053616;37,621;0;0;3;0;2;0;99;99;0
1055116;37,672;0;0;2;0;1;0;99;99;4
1056616;37,722;0;0;1;0;0;0;99;99;3
1058116;37,771;0;0;0;4;0;0;99;99;2
1059646;37,826;0;0;8;3;0;0;99;99;1
1061146;37,876;0;0;7;2;0;0;99;99;0
1062646;37,932;0;0;6;1;0;4;99;99;0
1064146;37,986;0;0;5;0;0;3;99;99;0
1065646;38,035;0;0;4;0;0;2;99;99;4
1067146;38,084;0;0;3;0;0;1;99;99;3
1068646;38,133;0;0;2;0;0;0;99;99;2
1070146;38,187;0;0;1;0;4;0;99;99;1
1071646;38,236;0;0;0;0;3;0;99;99;0
1073146;38,286;0;0;8;0;2;0;99;99;0
1074646;38,335;0;0;7;0;1;4;99;99;0
1076176;38,391;0;0;6;0;0;3;99;99;0
1077676;38,441;0;4;5;0;0;2;99;99;0
1079176;38,49;0;3;4;0;0;1;99;99;0
1080676;38,546;0;2;3;0;0;0;99;99;0
1082176;38,593;0;1;2;0;4;0;99;99;0
1083676;38,642;0;0;1;0;3;0;99;99;0
1085176;38,691;0;0;0;0;2;0;99;99;4
1086676;38,739;0;0;8;0;1;0;99;99;3
1088176;38,787;0;0;7;0;0;0;99;99;2
1089676;38,836;0;0;6;0;5;0;99;99;1
1091176;38,882;0;0;5;0;4;0;99;99;0
1092700;38,94;0;0;4;0;3;4;99;99;0
1094200;38,984;0;0;3;0;2;3;99;99;0
1095700;39,026;0;0;2;0;1;2;99;99;0
1097200;39,069;0;0;1;0;0;1;99;99;0
1098700;39,142;0;0;0;0;6;0;99;99;0
1100200;39,207;0;0;0;4;5;0;99;99;0
1101700;39,256;0;0;0;3;4;0;99;99;4
1103200;39,312;0;0;0;2;3;0;99;99;3
1104700;39,36;0;0;0;1;2;0;99;99;2
1106200;39,41;0;0;0;0;1;0;99;99;1
1107700;39,461;0;0;4;0;0;0;99;99;0
1109228;39,521;0;0;3;0;0;4;99;99;0
1110728;39,581;0;0;2;0;0;3;99;99;4
1112228;39,632;0;0;1;0;0;2;99;99;3
1113728;39,682;0;0;0;0;0;1;99;99;2
1115228;39,733;0;0;0;4;0;0;99;99;1
1116728;39,785;0;0;4;3;0;0;99;99;0
1118228;39,834;0;0;3;2;0;4;99;99;0
1119728;39,884;0;0;2;1;0;3;99;99;0
1121228;39,932;0;0;1;0;0;2;99;99;0
1122728;39,98;0;4;0;0;0;1;99;99;0
1124228;40,026;0;3;0;0;4;0;99;99;0
1125763;40,08;0;2;0;0;3;5;99;99;0
1127263;40,128;0;1;0;0;2;4;99;99;0
1128763;40,172;0;0;0;0;1;3;99;99;0
1130263;40,22;0;5;0;0;0;2;99;99;0
1131763;40,267;0;4;0;0;0;1;99;99;4
1133263;40,313;0;3;0;0;0;0;99;99;3
1134763;40,362;0;2;0;4;0;0;99;99;2
1136263;40,41;0;1;0;3;0;0;99;99;1
1137763;40,458;0;0;0;2;0;0;99;99;0
1139263;40,508;0;0;0;1;4;0;99;99;0
1140763;40,555;0;0;4;0;3;0;99;99;0
1142289;40,608;0;0;3;0;2;0;99;99;4
1143789;40,655;0;0;2;0;1;0;99;99;3
1145289;40,703;0;0;1;0;0;0;99;99;2
1146789;40,751;0;0;0;0;5;0;99;99;1
1148289;40,799;0;0;0;0;4;4;99;99;0
1149789;40,842;0;0;4;0;3;3;99;99;0
1151289;40,888;0;0;3;0;2;2;99;99;0
1152789;40,936;0;0;2;0;1;1;99;99;0
1154289;40,983;0;0;1;0;0;0;99;99;0
1155789;41,033;0;0;0;0;6;0;99;99;0
1157289;41,081;0;0;5;0;5;0;99;99;0
1158811;41,134;0;0;4;4;4;0;99;99;0
1160311;41,182;0;0;3;3;3;0;99;99;0
1161811;41,231;0;0;2;2;2;0;99;99;0
1163311;41,278;0;0;1;1;1;0;99;99;0
1164811;41,325;0;0;0;0;0;0;99;99;0
1166811;41,389;0;0;6;5;0;0;99;99;0
1168311;41,439;0;0;5;4;0;0;99;99;4
1169811;41,488;0;0;4;3;0;0;99;99;3
1171311;41,535;0;0;3;2;0;0;99;99;2
1172811;41,583;0;0;2;1;0;0;99;99;1
1174311;41,63;0;0;1;0;0;0;99;99;0
1175841;41,684;0;0;0;6;0;0;99;99;0
1177364;41,738;0;0;7;5;0;0;99;99;0
1178864;41,789;0;4;6;4;0;0;99;99;0
1180386;41,842;0;3;5;3;0;0;99;99;0
1181886;41,89;0;2;4;2;0;0;99;99;0
1183386;41,931;0;1;3;1;0;0;99;99;0
1184909;44,065;0;0;2;0;0;0;99;99;0
1186409;44,095;0;0;1;0;4;0;99;99;0
1187909;44,134;0;0;0;4;3;0;99;99;0
1189409;44,183;0;0;8;3;2;0;99;99;0
1190935;44,233;0;0;7;2;1;0;99;99;0
1192435;44,281;0;0;6;1;0;0;99;99;0
1193935;44,332;0;0;5;0;5;0;99;99;0
1195435;44,382;0;0;4;5;4;0;99;99;0
1196935;44,431;0;0;3;4;3;0;99;99;0
1198460;44,482;0;0;2;3;2;0;99;99;0
1199991;44,535;0;0;1;2;1;0;99;99;0
1201491;44,582;0;0;0;1;0;0;99;99;0
1203014;44,633;0;0;0;0;0;4;99;99;0
1204514;44,679;0;0;0;0;0;3;99;99;4
1206014;44,726;0;0;0;4;0;2;99;99;3
1207531;44,782;0;0;0;3;0;1;99;99;2
1209031;44,828;0;0;0;2;0;0;99;99;1
1210531;44,874;0;0;0;1;0;5;99;99;0
1212031;44,921;0;0;4;0;0;4;99;99;0
1213556;44,97;0;0;3;0;0;3;99;99;4
1215056;45,022;0;0;2;0;0;2;99;99;3
1216556;45,069;0;0;1;0;0;1;99;99;2
1218056;45,12;0;0;0;0;0;0;99;99;1
1219556;45,169;0;0;0;4;0;0;99;99;0
1221074;45,217;0;0;0;3;4;0;99;99;0
1222574;45,266;0;0;4;2;3;0;99;99;0
1224074;45,313;0;0;3;1;2;0;99;99;0
1225574;45,359;0;0;2;0;1;0;99;99;0
1227074;45,41;0;4;1;0;0;0;99;99;0
1228574;45,46;0;3;0;4;0;0;99;99;0
1230102;45,519;0;2;5;3;0;0;99;99;0
1231602;45,551;0;1;4;2;0;0;99;99;0
1233102;45,582;0;0;3;1;0;0;99;99;0
1234602;45,615;0;0;2;0;4;0;99;99;0
1236102;45,646;0;0;1;5;3;0;99;99;0
1237602;45,676;0;0;0;4;2;0;99;99;0
1239102;45,707;0;0;6;3;1;0;99;99;0
1240625;45,741;0;0;5;2;0;0;99;99;0
1242143;45,773;0;0;4;1;5;0;99;99;0
1243643;45,805;0;0;3;0;4;0;99;99;0
1245159;45,84;0;4;2;0;3;0;99;99;0
1246659;45,87;0;3;1;0;2;0;99;99;0
1248159;45,915;0;2;0;0;1;0;99;99;0
1249682;45,968;0;1;0;4;0;0;99;99;0
1251182;46,017;0;0;4;3;0;0;99;99;0
1252682;46,066;0;0;3;2;4;0;99;99;0
1254182;46,114;0;0;2;1;3;0;99;99;0
1255704;46,166;0;0;1;0;2;0;99;99;0
1257204;46,215;0;0;0;5;1;0;99;99;0
1258704;46,259;0;0;5;4;0;0;99;99;0
1260204;46,293;0;0;4;3;5;0;99;99;0
1261704;46,33;0;0;3;2;4;0;99;99;0
1263230;46,381;0;0;2;1;3;0;99;99;0
1264730;46,427;0;0;1;0;2;0;99;99;0
1266230;46,473;0;0;0;6;1;0;99;99;0
1267730;46,521;0;0;6;5;0;0;99;99;0
1269230;46,57;0;0;5;4;6;0;99;99;0
1270730;46,619;0;0;4;3;5;0;99;99;0
1272249;46,671;0;0;3;2;4;0;99;99;0
1273749;46,718;0;0;2;1;3;0;99;99;0
1275249;46,765;0;0;1;0;2;0;99;99;0
1276749;46,816;0;0;0;0;1;4;99;99;0
1278249;46,866;0;0;0;0;0;3;99;99;4
1279749;46,914;0;4;0;0;0;2;99;99;3
1281249;46,95;0;3;0;0;0;1;99;99;2
1282771;46,984;0;2;0;0;0;0;99;99;1
1284271;47,016;0;1;0;0;0;5;99;99;0
1285771;47,047;0;0;0;0;0;4;99;99;5
1287271;47,082;0;0;4;0;0;3;99;99;4
1288771;47,142;0;0;3;0;0;2;99;99;3
1290271;47,187;0;0;2;0;0;1;99;99;2
1291771;47,235;0;0;1;0;0;0;99;99;1
1293271;47,282;0;0;0;0;4;0;99;99;0
1294795;47,333;0;0;0;4;3;0;99;99;0
1296295;47,382;0;0;4;3;2;0;99;99;0
1297795;47,429;0;0;3;2;1;0;99;99;0
1299295;47,475;0;0;2;1;0;0;99;99;0
1300795;47,517;0;0;1;0;5;0;99;99;0
1302295;47,555;0;0;0;0;4;0;99;99;4
1303795;47,603;0;0;0;0;3;4;99;99;3
1305295;47,648;0;0;0;0;2;3;99;99;2
1306795;47,693;0;0;0;0;1;2;99;99;1
1308321;47,741;0;0;0;0;0;1;99;99;0
1309821;47,788;0;4;0;0;0;0;99;99;0
1311321;47,835;0;3;0;0;4;0;99;99;0
1312821;47,88;0;2;4;0;3;0;99;99;0
1314321;47,922;0;1;3;0;2;0;99;99;0
1315821;47,973;0;0;2;0;1;0;99;99;0
1317321;48,025;0;0;1;4;0;0;99;99;0
1318821;48,072;0;0;0;3;0;4;99;99;0
1320321;48,119;0;0;0;2;0;3;99;99;4
1321821;48,163;0;0;0;1;0;2;99;99;3
1323343;48,209;0;0;0;0;0;1;99;99;2
1324843;48,255;0;0;0;5;0;0;99;99;1
1326343;48,304;0;0;0;4;4;0;99;99;0
1327843;48,353;0;0;0;3;3;4;99;99;0
1329343;48,402;0;0;0;2;2;3;99;99;0
1330843;48,449;0;0;0;1;1;2;99;99;0
1332343;48,496;0;0;0;0;0;1;99;99;0
1333843;48,544;0;0;4;0;0;0;99;99;0
1335343;48,592;0;0;3;0;4;0;99;99;0
1336843;48,641;0;4;2;0;3;0;99;99;0
1338343;48,688;0;3;1;0;2;0;99;99;0
1339864;48,736;0;2;0;0;1;0;99;99;0
1341364;48,786;0;1;5;0;0;0;99;99;0
1342864;48,834;0;0;4;0;5;0;99;99;0
1344364;48,882;0;0;3;0;4;0;99;99;4
1345864;48,928;0;0;2;0;3;0;99;99;3
1347364;48,976;0;0;1;0;2;0;99;99;2
1348864;49,023;0;0;0;0;1;0;99;99;1
1350364;49,069;0;0;0;4;0;0;99;99;0
1351864;49,116;0;0;0;3;6;0;99;99;0
1353364;49,163;0;0;4;2;5;0;99;99;0
1354864;49,209;0;0;3;1;4;0;99;99;0
1356385;49,259;0;0;2;0;3;0;99;99;0
1357885;49,303;0;0;1;0;2;0;99;99;4
1359385;49,343;0;0;0;0;1;0;99;99;3
1360885;49,39;0;0;0;4;0;0;99;99;2
1362385;49,438;4;0;0;3;0;0;99;99;1
1363885;49,485;3;0;0;2;0;0;99;99;0
1365385;49,533;2;0;4;1;0;0;99;99;0
1366885;49,582;1;0;3;0;0;0;99;99;0
1368385;49,63;0;0;2;0;4;0;99;99;0
1369885;49,678;0;0;1;4;3;0;99;99;0
1371385;49,726;0;0;0;3;2;0;99;99;0
1372905;49,776;0;0;5;2;1;0;99;99;0
1374405;49,824;0;0;4;1;0;0;99;99;0
1375905;49,872;0;0;3;0;5;0;99;99;0
1377405;49,909;0;0;2;0;4;4;99;99;0
1378905;49,94;0;0;1;0;3;3;99;99;0
1380405;49,979;0;0;0;0;2;2;99;99;0
1381905;50,027;0;0;6;0;1;1;99;99;0
1383405;50,073;0;0;5;0;0;0;99;99;0
1384905;50,121;0;0;4;4;0;0;99;99;0
1386405;50,17;0;0;3;3;0;4;99;99;0
1387905;50,22;0;0;2;2;0;3;99;99;0
1389424;50,271;0;0;1;1;0;2;99;99;0
1390924;50,323;0;0;0;0;0;1;99;99;0
1392424;50,372;0;0;0;5;0;0;99;99;0
1393924;50,421;0;0;0;4;0;5;99;99;0
1395424;50,469;0;4;0;3;0;4;99;99;0
1396924;50,519;0;3;0;2;0;3;99;99;0
1398424;50,565;0;2;0;1;0;2;99;99;0
1399924;50,616;0;1;0;0;0;1;99;99;0
1401424;50,682;0;0;0;6;0;0;99;99;0
1402924;50,771;0;0;4;5;0;0;99;99;0
1404424;50,842;0;0;3;4;0;0;99;99;4
1405945;50,9;0;0;2;3;0;0;99;99;3
1407445;50,95;0;0;1;2;0;0;99;99;2
1408945;50,998;0;0;0;1;0;0;99;99;1
1410445;51,046;0;0;5;0;0;0;99;99;0
1411945;51,095;0;0;4;0;4;0;99;99;0
1413445;51,15;0;0;3;4;3;0;99;99;0
1414945;51,199;0;0;2;3;2;0;99;99;0
1416445;51,247;0;0;1;2;1;0;99;99;0
1417945;51,295;0;0;0;1;0;0;99;99;0
1419445;51,346;0;0;0;0;5;0;99;99;0
1420945;51,394;0;0;0;5;4;0;99;99;0
1422464;51,443;0;0;0;4;3;4;99;99;0
1423964;51,509;0;0;0;3;2;3;99;99;0
1425464;51,563;0;0;0;2;1;2;99;99;0
1426964;51,609;0;0;0;1;0;1;99;99;0
1428464;51,654;0;0;0;0;0;0;99;99;4
1429964;51,694;0;0;0;0;4;0;99;99;3
1431464;51,723;0;0;0;4;3;0;99;99;2
1432964;51,763;0;0;0;3;2;0;99;99;1
1434464;51,795;0;0;0;2;1;0;99;99;0
1435964;51,83;0;0;0;1;0;4;99;99;0
1437464;51,869;0;0;0;0;5;3;99;99;0
1438987;51,914;0;0;4;0;4;2;99;99;0
1440487;51,956;0;0;3;0;3;1;99;99;0
1441987;51,994;0;0;2;0;2;0;99;99;0
1443487;52,035;0;0;1;4;1;0;99;99;0
1444987;52,068;0;0;0;3;0;0;99;99;0
1446487;52,096;0;0;5;2;0;0;99;99;0
1447987;52,124;0;0;4;1;4;0;99;99;0
1449487;52,152;0;0;3;0;3;0;99;99;0
1450987;52,246;0;0;2;5;2;0;99;99;0
1452487;52,273;0;0;1;4;1;0;99;99;0
1453987;52,3;0;0;0;3;0;0;99;99;0
1455508;52,328;0;0;0;2;5;0;99;99;0
1457008;52,382;0;0;4;1;4;0;99;99;0
1458508;52,409;0;0;3;0;3;0;99;99;0
1460008;52,436;0;0;2;0;2;4;99;99;0
1461508;52,461;0;0;1;0;1;3;99;99;0
1463008;52,486;0;0;0;0;0;2;99;99;0
1464508;52,512;0;0;0;4;0;1;99;99;0
1466008;52,541;0;4;0;3;0;0;99;99;0
1467508;52,567;0;3;0;2;4;0;99;99;0
1469008;52,593;0;2;0;1;3;0;99;99;0
1470508;52,631;0;1;0;0;2;0;99;99;0
1472029;52,682;0;0;0;0;1;4;99;99;0
1473529;52,729;0;0;0;4;0;3;99;99;0
1475029;52,767;0;0;4;3;0;2;99;99;0
1476529;52,798;0;0;3;2;0;1;99;99;0
1478029;52,835;0;0;2;1;0;0;99;99;0
1479529;52,884;0;4;1;0;0;0;99;99;0
1481029;52,932;0;3;0;0;0;4;99;99;0
1482529;52,978;0;2;0;4;0;3;99;99;0
1484029;53,026;0;1;0;3;0;2;99;99;0
1485529;53,073;0;0;0;2;0;1;99;99;0
1487029;53,119;0;5;0;1;0;0;99;99;0
1488553;53,168;0;4;4;0;0;0;99;99;0
1490053;53,205;0;3;3;0;4;0;99;99;0
1491553;53,244;0;2;2;0;3;0;99;99;0
1493053;53,292;0;1;1;0;2;0;99;99;0
1494553;53,346;0;0;0;0;1;0;99;99;0
1496053;53,394;0;0;0;4;0;0;99;99;0
1497553;53,445;0;0;0;3;5;0;99;99;0
1499053;53,492;0;0;4;2;4;0;99;99;0
1500553;53,541;0;0;3;1;3;0;99;99;0
1502053;53,589;0;0;2;0;2;0;99;99;0
1503553;53,636;0;0;1;5;1;0;99;99;0
1505071;53,686;0;0;0;4;0;0;99;99;0
1506571;53,735;0;0;0;3;0;4;99;99;0
1508071;53,782;0;4;0;2;0;3;99;99;0
1509571;53,831;0;3;0;1;0;2;99;99;0
1511071;53,878;0;2;0;0;0;1;99;99;0
1512571;53,925;0;1;4;0;0;0;99;99;0
1514071;53,971;0;0;3;0;4;0;99;99;0
1515571;54,009;0;0;2;4;3;0;99;99;0
1517071;54,059;0;0;1;3;2;0;99;99;0
1518571;54,098;0;0;0;2;1;0;99;99;0
1520071;54,147;0;4;0;1;0;0;99;99;0
1521591;54,199;0;3;0;0;5;0;99;99;0
1523091;54,246;0;2;0;0;4;0;99;99;4
1524591;54,293;0;1;0;0;3;0;99;99;3
1526091;54,33;0;0;0;0;2;0;99;99;2
1527591;54,376;0;0;0;4;1;0;99;99;1
1529091;54,417;0;0;0;3;0;0;99;99;0
1530591;54,463;0;0;0;2;6;0;99;99;0
1532091;54,512;0;0;4;1;5;0;99;99;0
1533591;54,564;0;0;3;0;4;0;99;99;0
1535091;54,612;0;0;2;5;3;0;99;99;0
1536591;54,661;0;0;1;4;2;0;99;99;0
1538115;54,715;0;0;0;3;1;0;99;99;0
1539615;54,763;0;0;5;2;0;0;99;99;0
1541115;54,812;0;0;4;1;0;4;99;99;0
1542615;54,859;0;0;3;0;0;3;99;99;0
1544115;54,906;0;0;2;6;0;2;99;99;0
1545615;54,955;0;0;1;5;0;1;99;99;0
1547115;55,003;0;0;0;4;0;0;99;99;0
1548615;55,048;0;0;0;3;0;5;99;99;0
1550115;55,093;0;0;4;2;0;4;99;99;0
1551615;55,142;0;0;3;1;0;3;99;99;0
1553115;55,192;0;0;2;0;0;2;99;99;0
1554644;55,242;0;0;1;0;0;1;99;99;4
1556144;55,29;0;0;0;0;0;0;99;99;3
1557644;55,337;0;0;0;0;4;0;99;99;2
1559144;55,385;0;0;0;4;3;0;99;99;1
1560644;55,43;0;0;0;3;2;0;99;99;0
1562144;55,476;0;0;4;2;1;0;99;99;0
1563644;55,525;0;0;3;1;0;0;99;99;0
1565144;55,574;0;0;2;0;5;0;99;99;0
1566644;55,623;0;0;1;5;4;0;99;99;0
1568144;55,673;0;0;0;4;3;0;99;99;0
1569644;55,722;0;0;5;3;2;0;99;99;0
1571164;55,773;0;0;4;2;1;0;99;99;0
1572664;55,82;0;0;3;1;0;0;99;99;0
1574164;55,87;0;0;2;0;6;0;99;99;0
1575664;55,918;0;0;1;6;5;0;99;99;0
1577164;55,966;0;0;0;5;4;0;99;99;0
1578664;56,016;0;0;6;4;3;0;99;99;0
1580164;56,065;0;0;5;3;2;0;99;99;0
1581664;56,114;0;0;4;2;1;0;99;99;0
1583164;56,165;0;0;3;1;0;0;99;99;0
1584664;56,21;0;4;2;0;0;0;99;99;0
1586164;56,241;0;3;1;0;4;0;99;99;0
1587687;56,288;0;2;0;0;3;0;99;99;0
1589187;56,336;0;1;0;4;2;0;99;99;0
1590687;56,383;0;0;0;3;1;0;99;99;0
1592187;56,431;0;0;4;2;0;0;99;99;0
1593687;56,477;0;0;3;1;0;4;99;99;0
1595187;56,526;0;0;2;0;0;3;99;99;0
1596687;56,575;0;0;1;5;0;2;99;99;0
1598187;56,623;0;0;0;4;0;1;99;99;0
1599687;56,672;0;0;5;3;0;0;99;99;0
1601187;56,723;0;0;4;2;4;0;99;99;0
1602687;56,77;0;0;3;1;3;0;99;99;0
1604209;56,82;0;0;2;0;2;0;99;99;0
1605709;56,868;0;0;1;6;1;0;99;99;0
1607209;56,909;0;0;0;5;0;0;99;99;0
1608709;56,939;0;0;6;4;0;0;99;99;0
1610209;56,97;0;0;5;3;4;0;99;99;0
1611709;57,0;0;0;4;2;3;0;99;99;0
1613209;57,031;0;0;3;1;2;0;99;99;0
1614709;57,063;0;0;2;0;1;0;99;99;0
1616209;57,114;0;0;1;0;0;0;99;99;4
1617709;57,163;0;0;0;4;0;0;99;99;3
1619209;57,235;0;0;0;3;4;0;99;99;2
1620731;57,287;0;0;0;2;3;0;99;99;1
1622231;57,335;0;0;0;1;2;0;99;99;0
1623731;57,384;0;4;0;0;1;0;99;99;0
1625231;57,433;0;3;0;0;0;4;99;99;0
1626731;57,481;0;2;4;0;0;3;99;99;0
1628231;57,53;0;1;3;0;0;2;99;99;0
1629731;57,576;0;0;2;0;0;1;99;99;0
1631231;57,619;0;0;1;4;0;0;99;99;0
1632731;57,667;0;0;0;3;0;5;99;99;0
1634231;57,713;0;0;0;2;0;4;99;99;4
1635731;57,762;0;0;0;1;0;3;99;99;3
1637256;57,811;0;0;0;0;0;2;99;99;2
1638756;57,858;0;0;4;0;0;1;99;99;1
1640256;57,906;0;0;3;0;0;0;99;99;0
1641756;57,955;0;0;2;0;4;0;99;99;0
1643256;58,002;0;0;1;0;3;4;99;99;0
1644756;58,054;0;0;0;0;2;3;99;99;0
1646256;58,1;0;0;0;0;1;2;99;99;4
1647756;58,144;0;0;0;0;0;1;99;99;3
1649256;58,19;0;0;0;4;0;0;99;99;2
1650756;58,237;0;0;4;3;0;0;99;99;1
1652256;58,289;0;0;3;2;0;0;99;99;0
1653775;58,34;0;0;2;1;4;0;99;99;0
1655275;58,393;0;0;1;0;3;0;99;99;0
1656775;58,458;0;0;0;0;2;0;99;99;4
1658275;58,514;0;0;0;0;1;4;99;99;3
1659775;58,557;0;0;0;0;0;3;99;99;2
1661275;58,602;0;0;0;4;0;2;99;99;1
1662775;58,648;0;0;0;3;0;1;99;99;0
1664275;58,694;0;0;0;2;0;0;99;99;5
1665775;58,74;0;0;0;1;0;5;99;99;4
1667275;58,786;0;0;0;0;0;4;99;99;3
1668775;58,832;0;0;0;5;0;3;99;99;2
1670295;58,882;0;0;0;4;0;2;99;99;1
1671795;58,931;0;0;0;3;0;1;99;99;0
1673295;58,976;0;0;4;2;0;0;99;99;0
1674795;59,023;0;0;3;1;4;0;99;99;0
1676295;59,071;0;0;2;0;3;0;99;99;0
1677795;59,119;0;0;1;0;2;4;99;99;0
1679295;59,167;0;0;0;0;1;3;99;99;0
1680795;59,212;0;0;5;0;0;2;99;99;0
1682295;59,261;0;0;4;4;0;1;99;99;0
1683795;59,312;0;0;3;3;0;0;99;99;0
1685295;59,361;0;0;2;2;0;0;99;99;4
1686817;59,413;0;0;1;1;0;0;99;99;3
1688317;59,461;0;0;0;0;0;0;99;99;2
1689817;59,508;0;0;0;0;4;0;99;99;1
1691317;59,554;0;0;4;0;3;0;99;99;0
1692817;59,602;4;0;3;0;2;0;99;99;0
1694317;59,652;3;0;2;0;1;0;99;99;0
1695817;59,705;2;0;1;0;0;0;99;99;0
1697317;59,755;1;0;0;0;0;0;99;99;4
1698817;59,804;0;0;0;4;0;0;99;99;3
1700317;59,852;0;4;0;3;0;0;99;99;2
1701817;59,898;0;3;0;2;0;0;99;99;1
1703336;59,949;0;2;0;1;0;0;99;99;0
1704836;59,994;0;1;0;0;4;0;99;99;0
1706336;60,023;0;0;0;0;3;4;99;99;0
1707836;60,068;0;0;0;4;2;3;99;99;0
1709336;60,103;0;0;0;3;1;2;99;99;0
1710836;60,138;0;0;0;2;0;1;99;99;0
1712336;60,185;0;0;4;1;0;0;99;99;0
1713836;60,232;0;0;3;0;4;0;99;99;0
1715336;60,279;0;0;2;0;3;4;99;99;0
1716836;60,328;0;0;1;0;2;3;99;99;0
1718336;60,377;0;0;0;0;1;2;99;99;0
1719853;60,43;0;0;5;0;0;1;99;99;0
1721353;60,481;0;0;4;0;0;0;99;99;4
1722853;60,532;0;0;3;0;4;0;99;99;3
1724353;60,579;0;0;2;0;3;0;99;99;2
1725853;60,626;0;0;1;0;2;0;99;99;1
1727353;60,675;0;0;0;0;1;0;99;99;0
1728853;60,723;0;0;0;0;0;0;99;99;5
1730353;60,772;0;0;0;4;0;0;99;99;4
1731853;60,82;4;0;0;3;0;0;99;99;3
1733353;60,869;3;0;0;2;0;0;99;99;2
1734853;60,918;2;0;0;1;0;0;99;99;1
1736378;60,97;1;0;0;0;0;0;99;99;0
1737878;61,019;0;0;0;0;0;0;99;99;6
1739378;61,068;0;0;0;4;0;0;99;99;5
1740878;61,115;0;0;4;3;0;0;99;99;4
1742378;61,159;0;0;3;2;0;0;99;99;3
1743878;61,208;0;0;2;1;0;0;99;99;2
1745378;61,256;0;0;1;0;0;0;99;99;1
1746878;61,305;0;0;0;0;4;0;99;99;0
1748378;61,353;0;0;0;0;3;0;99;99;7
1749878;61,402;0;0;0;4;2;0;99;99;6
1751378;61,446;0;0;0;3;1;0;99;99;5
1752903;61,48;0;0;0;2;0;0;99;99;4
1754403;61,528;0;0;4;1;0;0;99;99;3
1755903;61,576;0;0;3;0;0;0;99;99;2
1757403;61,622;0;0;2;0;4;0;99;99;1
1758903;61,668;0;0;1;0;3;0;99;99;0
1760403;61,712;0;0;0;4;2;0;99;99;0
1761903;61,739;0;0;5;3;1;0;99;99;0
1763403;61,766;0;0;4;2;0;0;99;99;0
1764903;61,793;0;0;3;1;5;0;99;99;0
1766403;61,82;0;0;2;0;4;0;99;99;0
1767903;61,848;0;0;1;0;3;4;99;99;0
1769421;61,875;0;0;0;0;2;3;99;99;0
1770921;61,903;0;0;0;0;1;2;99;99;4
1772421;61,926;0;0;0;0;0;1;99;99;3
1773921;61,952;0;0;4;0;0;0;99;99;2
1775421;61,979;0;0;3;0;4;0;99;99;1
1776921;62,005;0;0;2;0;3;0;99;99;0
1778421;62,031;0;0;1;4;2;0;99;99;0
1779921;62,062;0;0;0;3;1;0;99;99;0
1781421;62,101;0;0;5;2;0;0;99;99;0
1782921;62,149;0;0;4;1;5;0;99;99;0
1784421;62,198;0;0;3;0;4;0;99;99;0
1785941;62,249;0;0;2;0;3;4;99;99;0
1787441;62,296;0;0;1;0;2;3;99;99;0
1788941;62,344;0;0;0;0;1;2;99;99;0
1790441;62,392;0;0;0;0;0;1;99;99;4
1791941;62,476;0;0;0;4;0;0;99;99;3
1793441;62,511;0;0;0;3;4;0;99;99;2
1794941;62,541;0;0;0;2;3;0;99;99;1
1796441;62,585;0;0;0;1;2;0;99;99;0
1797941;62,632;0;0;4;0;1;0;99;99;0
1799441;62,68;0;0;3;5;0;0;99;99;0
1800941;62,725;4;0;2;4;0;0;99;99;0
1802466;62,761;3;0;1;3;0;0;99;99;0
1803966;62,81;2;0;0;2;0;0;99;99;0
1805466;62,863;1;0;0;1;4;0;99;99;0
1806966;62,912;0;0;0;0;3;0;99;99;0
1808466;62,962;0;0;0;6;2;0;99;99;0
1809966;63,012;0;0;4;5;1;0;99;99;0
1811466;63,06;0;0;3;4;0;0;99;99;0
1812966;63,11;4;0;2;3;0;0;99;99;0
1814466;63,16;3;0;1;2;0;0;99;99;0
1815966;63,208;2;0;0;1;0;0;99;99;0
1817466;63,258;1;0;5;0;0;0;99;99;0
1818990;63,309;0;0;4;7;0;0;99;99;0
1820490;63,354;0;0;3;6;4;0;99;99;0
1821990;63,386;0;0;2;5;3;0;99;99;0
1823490;63,416;0;0;1;4;2;0;99;99;0
1824990;63,445;0;0;0;3;1;0;99;99;0
1826490;63,477;0;0;0;2;0;4;99;99;0
1827990;63,523;0;0;0;1;0;3;99;99;4
1829490;63,57;0;0;0;0;0;2;99;99;3
1830990;63,618;0;0;4;0;0;1;99;99;2
1832490;63,665;0;0;3;0;0;0;99;99;1
1833990;63,713;0;0;2;0;0;5;99;99;0
1835511;63,76;0;0;1;0;0;4;99;99;5
1837011;63,803;0;0;0;0;0;3;99;99;4
1838511;63,846;0;4;0;0;0;2;99;99;3
1840011;63,889;0;3;0;0;0;1;99;99;2
1841511;63,931;0;2;0;0;0;0;99;99;1
1843011;63,973;0;1;4;0;0;0;99;99;0
1844511;64,015;0;0;3;0;4;0;99;99;0
1846011;64,046;0;0;2;0;3;4;99;99;0
1847511;64,076;0;0;1;0;2;3;99;99;0
1849011;64,106;0;0;0;0;1;2;99;99;0
1850511;64,142;0;0;0;0;0;1;99;99;4
1852034;64,191;0;0;0;0;5;0;99;99;3
1853534;64,237;0;0;0;0;4;5;99;99;2
1855034;64,281;0;0;0;0;3;4;99;99;1
1856534;64,328;0;0;0;0;2;3;99;99;0
1858034;64,373;0;0;4;0;1;2;99;99;0
1859534;64,42;0;0;3;0;0;1;99;99;0
1861034;64,466;0;0;2;0;6;0;99;99;0
1862534;64,509;0;0;1;0;5;6;99;99;0
1864034;64,554;0;0;0;0;4;5;99;99;0
1865534;64,595;0;0;5;0;3;4;99;99;0
1867034;64,637;0;0;4;0;2;3;99;99;0
1868548;64,681;0;0;3;0;1;2;99;99;0
1870048;64,724;0;0;2;0;0;1;99;99;0
1871548;64,767;0;0;1;0;0;0;99;99;4
1873048;64,809;0;0;0;0;4;0;99;99;3
1874548;64,851;0;0;0;4;3;0;99;99;2
1876048;64,893;0;0;0;3;2;0;99;99;1
1877548;64,934;0;0;0;2;1;0;99;99;0
1879048;64,968;0;0;4;1;0;0;99;99;0
1880548;65,004;0;0;3;0;5;0;99;99;0
1882048;65,053;0;0;2;5;4;0;99;99;0
1883548;65,101;0;0;1;4;3;0;99;99;0
1885074;65,153;0;0;0;3;2;0;99;99;0
1886574;65,2;0;0;5;2;1;0;99;99;0
1888074;65,251;0;0;4;1;0;0;99;99;0
1889574;65,301;0;4;3;0;0;0;99;99;0
1891074;65,349;0;3;2;0;4;0;99;99;0
1892574;65,398;0;2;1;0;3;0;99;99;0
1894074;65,43;0;1;0;0;2;0;99;99;0
1895574;65,46;0;0;6;0;1;0;99;99;0
1897074;65,491;0;0;5;4;0;0;99;99;0
1898574;65,537;0;0;4;3;5;0;99;99;0
1900074;65,586;0;0;3;2;4;0;99;99;0
1901599;65,638;0;0;2;1;3;0;99;99;0
1903099;65,686;0;0;1;0;2;0;99;99;0
1904599;65,735;0;0;0;5;1;0;99;99;0
1906099;65,782;0;0;0;4;0;4;99;99;0
1907599;65,83;0;0;4;3;0;3;99;99;0
1909099;65,878;0;0;3;2;0;2;99;99;0
1910599;65,927;0;0;2;1;0;1;99;99;0
1912099;65,974;0;0;1;0;0;0;99;99;0
1913599;66,024;0;0;0;0;0;5;99;99;0
1915099;66,072;0;0;5;0;0;4;99;99;0
1916599;66,119;0;4;4;0;0;3;99;99;0
1918120;66,169;0;3;3;0;0;2;99;99;0
1919620;66,219;0;2;2;0;0;1;99;99;0
1921120;66,267;0;1;1;0;0;0;99;99;0
1922620;66,314;0;0;0;4;0;0;99;99;0
1924120;66,386;0;0;0;3;4;0;99;99;0
1925620;66,434;0;0;0;2;3;4;99;99;0
1927120;66,48;0;0;0;1;2;3;99;99;0
1928620;66,519;0;0;0;0;1;2;99;99;0
1930120;66,551;0;0;4;0;0;1;99;99;0
1931620;66,583;0;0;3;0;5;0;99;99;0
1933120;66,614;0;0;2;0;4;5;99;99;0
1934634;66,644;0;0;1;0;3;4;99;99;0
1936134;66,675;0;0;0;0;2;3;99;99;0
1937634;66,706;0;0;5;0;1;2;99;99;0
1939134;66,74;0;0;4;0;0;1;99;99;0
1940634;66,776;0;0;3;0;0;0;99;99;4
1942134;66,823;4;0;2;0;0;0;99;99;3
1943634;66,871;3;0;1;0;0;0;99;99;2
1945134;66,921;2;0;0;0;0;0;99;99;1
1946634;66,97;1;0;0;0;4;0;99;99;0
1948134;67,019;0;0;0;0;3;4;99;99;0
1949634;67,067;0;0;0;0;2;3;99;99;4
1951150;67,115;0;0;0;0;1;2;99;99;3
1952650;67,16;0;0;0;0;0;1;99;99;2
1954150;67,206;0;0;0;0;5;0;99;99;1
1955650;67,253;0;0;0;4;4;0;99;99;0
1957150;67,301;0;0;4;3;3;0;99;99;0
1958650;67,348;0;0;3;2;2;0;99;99;0
1960150;67,394;0;0;2;1;1;0;99;99;0
1961650;67,441;0;0;1;0;0;0;99;99;0
1963150;67,489;0;0;0;5;0;0;99;99;0
1964650;67,55;0;0;0;4;0;4;99;99;0
1966150;67,597;4;0;0;3;0;3;99;99;0
1967668;67,649;3;0;0;2;0;2;99;99;0
1969168;67,698;2;0;0;1;0;1;99;99;0
1970668;67,748;1;0;0;0;0;0;99;99;0
1972168;67,797;0;0;0;0;0;5;99;99;0
1973668;67,843;0;0;0;4;0;4;99;99;0
1975168;67,89;0;0;4;3;0;3;99;99;0
1976668;67,938;0;0;3;2;0;2;99;99;0
1978168;67,983;0;0;2;1;0;1;99;99;0
1979668;68,03;0;0;1;0;0;0;99;99;0
1981168;68,077;0;0;0;0;4;0;99;99;0
1982668;68,124;0;0;0;4;3;0;99;99;0
1984194;68,176;0;0;0;3;2;4;99;99;0
1985694;68,224;0;0;0;2;1;3;99;99;0
1987194;68,273;0;0;0;1;0;2;99;99;0
1988694;68,321;0;0;4;0;0;1;99;99;0
1990194;68,37;0;0;3;5;0;0;99;99;0
1991694;68,419;0;0;2;4;4;0;99;99;0
1993194;68,468;0;0;1;3;3;0;99;99;0
1994694;68,52;0;0;0;2;2;0;99;99;0
1996194;68,568;0;0;0;1;1;0;99;99;4
1997694;68,617;0;0;0;0;0;0;99;99;3
1999194;68,666;0;0;0;0;0;4;99;99;2
2000716;68,714;0;0;4;0;0;3;99;99;1
2002216;68,761;0;0;3;0;0;2;99;99;0
2003716;68,81;0;0;2;0;4;1;99;99;0
2005216;68,858;0;0;1;0;3;0;99;99;0
2006716;68,906;0;0;0;0;2;5;99;99;0
2008216;68,953;0;0;0;4;1;4;99;99;0
2009716;69,001;0;0;0;3;0;3;99;99;0
2011216;69,049;0;0;4;2;0;2;99;99;0
2012716;69,097;0;0;3;1;0;1;99;99;0
2014216;69,146;0;0;2;0;0;0;99;99;0
2015716;69,194;0;0;1;0;4;0;99;99;0
2017237;69,25;0;0;0;0;3;0;99;99;4
2018737;69,297;0;0;0;4;2;0;99;99;3
2020237;69,343;0;0;0;3;1;0;99;99;2
2021737;69,39;0;0;0;2;0;0;99;99;1
2023237;69,438;0;0;4;1;0;0;99;99;0
2024737;69,487;4;0;3;0;0;0;99;99;0
2026237;69,535;3;0;2;0;4;0;99;99;0
2027737;69,586;2;0;1;0;3;0;99;99;0
2029237;69,635;1;0;0;0;2;0;99;99;0
2030737;69,682;0;0;0;4;1;0;99;99;0
2032237;69,731;0;0;4;3;0;0;99;99;0
2033758;69,782;4;0;3;2;0;0;99;99;0
2035258;69,831;3;0;2;1;0;0;99;99;0
2036758;69,88;2;0;1;0;0;0;99;99;0
2038258;69,931;1;0;0;5;0;0;99;99;0
2039758;69,98;0;0;0;4;4;0;99;99;0
2041258;70,028;0;0;4;3;3;0;99;99;0
2042758;70,076;0;0;3;2;2;0;99;99;0
2044258;70,124;0;0;2;1;1;0;99;99;0
2045758;70,171;0;0;1;0;0;0;99;99;0
2047258;70,22;0;0;0;0;0;4;99;99;0
2048758;70,269;0;0;0;4;0;3;99;99;0
2050284;70,319;4;0;0;3;0;2;99;99;0
2051784;70,367;3;0;0;2;0;1;99;99;0
2053284;70,415;2;0;0;1;0;0;99;99;0
2054784;70,463;1;0;0;0;4;0;99;99;0
2056284;70,511;0;0;0;0;3;4;99;99;0
2057784;70,56;0;0;0;4;2;3;99;99;0
2059284;70,61;0;0;0;3;1;2;99;99;0
2060784;70,657;0;0;0;2;0;1;99;99;0
2062284;70,705;0;0;4;1;0;0;99;99;0
2063784;70,752;0;0;3;0;4;0;99;99;0
2065284;70,799;0;0;2;5;3;0;99;99;0
2066805;70,85;0;0;1;4;2;0;99;99;0
2068305;70,897;0;0;0;3;1;0;99;99;0
2069805;70,945;0;0;0;2;0;0;99;99;4
2071305;70,995;0;0;4;1;0;0;99;99;3
2072805;71,044;0;0;3;0;0;0;99;99;2
2074305;71,092;0;0;2;0;0;4;99;99;1
2075805;71,141;0;0;1;0;0;3;99;99;0
2077305;71,188;4;0;0;0;0;2;99;99;0
2078805;71,235;3;0;0;0;4;1;99;99;0
2080305;71,283;2;0;0;0;3;0;99;99;0
2081805;71,334;1;0;0;4;2;0;99;99;0
2083329;71,397;0;0;0;3;1;0;99;99;0
2084829;71,445;0;0;0;2;0;0;99;99;4
2086329;71,495;0;0;4;1;0;0;99;99;3
2087829;71,545;0;0;3;0;0;0;99;99;2
2089329;71,594;0;0;2;5;0;0;99;99;1
2090829;71,642;0;0;1;4;0;0;99;99;0
2092329;71,69;0;0;0;3;4;0;99;99;0
2093829;71,735;0;0;5;2;3;0;99;99;0
2095329;71,779;0;0;4;1;2;0;99;99;0
2096829;71,817;0;0;3;0;1;0;99;99;0
2098329;71,844;0;0;2;6;0;0;99;99;0
2099847;71,873;0;0;1;5;5;0;99;99;0
2101347;71,899;0;0;0;4;4;0;99;99;0
2102847;71,925;0;0;6;3;3;0;99;99;0
2104347;71,952;0;0;5;2;2;0;99;99;0
2105847;71,979;0;0;4;1;1;0;99;99;0
2107347;72,005;0;0;3;0;0;0;99;99;0
2108847;72,031;0;0;2;0;6;0;99;99;0
2110347;72,059;0;0;1;4;5;0;99;99;0
2111847;72,086;0;0;0;3;4;0;99;99;0
2113347;72,113;0;0;7;2;3;0;99;99;0
2114847;72,139;0;0;6;1;2;0;99;99;0
2116372;72,167;0;0;5;0;1;0;99;99;0
2117872;72,195;0;0;4;5;0;0;99;99;0
2119372;72,223;0;0;3;4;0;0;99;99;4
2120872;72,25;0;0;2;3;0;0;99;99;3
2122372;72,276;0;0;1;2;0;0;99;99;2
2123872;72,303;0;0;0;1;0;0;99;99;1
2125372;72,372;0;0;8;0;0;0;99;99;0
2126872;72,418;0;0;7;0;4;0;99;99;0
2128372;72,463;0;0;6;4;3;0;99;99;0
2129872;72,504;0;0;5;3;2;0;99;99;0
2131372;72,534;0;0;4;2;1;0;99;99;0
2132891;72,584;0;0;3;1;0;0;99;99;0
2134391;72,632;0;0;2;0;5;0;99;99;0
2135891;72,686;0;0;1;5;4;0;99;99;0
2137391;72,734;0;0;0;4;3;0;99;99;0
2138891;72,775;0;0;8;3;2;0;99;99;0
2140391;72,823;0;0;7;2;1;0;99;99;0
2141891;72,87;0;0;6;1;0;0;99;99;0
2143391;72,918;0;4;5;0;0;0;99;99;0
2144891;72,966;0;3;4;6;0;0;99;99;0
2146391;73,015;0;2;3;5;0;0;99;99;0
2147891;73,062;0;1;2;4;0;0;99;99;0
2149409;73,111;0;0;1;3;0;0;99;99;0
2150909;73,16;0;5;0;2;0;0;99;99;0
2152409;73,21;0;4;0;1;4;0;99;99;0
2153909;73,259;0;3;0;0;3;0;99;99;0
2155409;73,308;0;2;0;7;2;0;99;99;0
2156909;73,356;0;1;0;6;1;0;99;99;0
2158409;73,405;0;0;0;5;0;0;99;99;0
2159909;73,452;0;0;4;4;0;0;99;99;0
2161409;73,499;0;0;3;3;4;0;99;99;0
2162909;73,554;0;0;2;2;3;0;99;99;0
2164409;73,6;0;0;1;1;2;0;99;99;0
2165933;73,649;0;0;0;0;1;0;99;99;0
2167433;73,696;0;0;0;8;0;0;99;99;0
2168933;73,745;0;0;4;7;0;0;99;99;0
2170433;73,796;4;0;3;6;0;0;99;99;0
2171933;73,845;3;0;2;5;0;0;99;99;0
2173433;73,892;2;0;1;4;0;0;99;99;0
2174933;73,939;1;0;0;3;0;0;99;99;0
2176433;73,986;0;0;0;2;4;0;99;99;0
2177933;74,033;0;0;4;1;3;0;99;99;0
2179433;74,081;0;0;3;0;2;0;99;99;0
2180933;74,128;0;0;2;8;1;0;99;99;0
2182456;74,177;0;0;1;7;0;0;99;99;0
2183956;74,222;4;0;0;6;0;0;99;99;0
2185456;74,271;3;0;0;5;4;0;99;99;0
2186956;74,319;2;0;0;4;3;0;99;99;0
2188456;74,367;1;0;0;3;2;0;99;99;0
2189956;74,416;0;0;0;2;1;0;99;99;0
2191456;74,463;0;0;4;1;0;0;99;99;0
2192956;74,511;0;0;3;0;5;0;99;99;0
2194456;74,558;0;0;2;8;4;0;99;99;0
2195956;74,604;0;0;1;7;3;0;99;99;0
2197456;74,653;0;0;0;6;2;0;99;99;0
2198978;74,7;0;0;0;5;1;4;99;99;0
2200478;74,749;0;0;0;4;0;3;99;99;0
2201978;74,794;0;0;0;3;6;2;99;99;0
2203478;74,841;0;0;0;2;5;1;99;99;0
2204978;74,887;0;0;0;1;4;0;99;99;0
2206478;74,935;0;0;4;0;3;0;99;99;0
2207978;74,982;0;0;3;0;2;4;99;99;0
2209478;75,029;0;0;2;0;1;3;99;99;0
2210978;75,077;0;0;1;0;0;2;99;99;0
2212478;75,127;0;0;0;0;7;1;99;99;0
2213978;75,176;0;0;0;4;6;0;99;99;0
2215498;75,228;0;0;4;3;5;0;99;99;0
2216998;75,276;0;0;3;2;4;0;99;99;0
2218498;75,324;0;0;2;1;3;0;99;99;0
2219998;75,372;0;0;1;0;2;0;99;99;0
2221498;75,425;0;0;0;0;1;4;99;99;0
2222998;75,472;0;0;0;4;0;3;99;99;0
2224498;75,515;4;0;0;3;0;2;99;99;0
2225998;75,564;3;0;0;2;0;1;99;99;0
2227498;75,611;2;0;0;1;0;0;99;99;0
2228998;75,66;1;0;0;0;0;5;99;99;0
2230498;75,71;0;0;0;0;4;4;99;99;0
2232028;75,761;0;0;0;0;3;3;99;99;4
2233528;75,807;0;0;0;0;2;2;99;99;3
2235028;75,853;0;0;0;0;1;1;99;99;2
2236528;75,897;0;0;0;0;0;0;99;99;1
2238028;75,946;0;0;0;0;0;6;99;99;0
2239528;75,993;0;0;0;0;0;5;99;99;5
2241028;76,038;0;0;4;0;0;4;99;99;4
2242528;76,085;0;0;3;0;0;3;99;99;3
2244028;76,135;0;0;2;0;0;2;99;99;2
2245528;76,181;0;0;1;0;0;1;99;99;1
2247028;76,229;0;0;0;0;0;0;99;99;0
2249050;76,293;0;0;0;0;4;7;99;99;0
2250550;76,338;0;0;0;0;3;6;99;99;4
2252050;76,383;0;0;0;0;2;5;99;99;3
2253550;76,428;0;0;0;0;1;4;99;99;2
2255050;76,475;0;0;0;0;0;3;99;99;1
2256550;76,523;0;4;0;0;0;2;99;99;0
2258050;76,572;0;3;0;4;0;1;99;99;0
2259550;76,618;0;2;0;3;0;0;99;99;0
2261050;76,665;0;1;0;2;0;8;99;99;0
2262550;76,712;0;0;0;1;0;7;99;99;0
2264050;76,76;4;0;0;0;0;6;99;99;0
2265569;76,812;3;4;0;0;0;5;99;99;0
2267069;76,86;2;3;0;0;0;4;99;99;0
2268569;76,91;1;2;0;0;0;3;99;99;0
2270069;76,959;0;1;0;0;0;2;99;99;0
2271569;77,007;0;0;0;0;0;1;99;99;4
2273069;77,05;0;0;4;0;0;0;99;99;3
2274569;77,094;0;0;3;4;0;0;99;99;2
2276069;77,122;0;0;2;3;0;0;99;99;1
2277569;77,149;0;0;1;2;0;0;99;99;0
2279069;77,176;0;0;0;1;0;0;99;99;5
2280569;77,203;0;0;0;0;4;0;99;99;4
2282094;77,23;0;0;0;5;3;0;99;99;3
2283594;77,257;0;0;0;4;2;0;99;99;2
2285094;77,282;0;0;0;3;1;0;99;99;1
2286594;77,891;0;0;0;2;0;0;99;99;0
2288094;77,92;0;0;0;1;0;4;99;99;0
2289594;77,958;0;0;4;0;0;3;99;99;0
2291094;78,007;0;0;3;6;0;2;99;99;0
2292594;78,055;0;0;2;5;0;1;99;99;0
2294094;78,103;0;0;1;4;0;0;99;99;0
2295594;78,154;0;0;0;3;0;5;99;99;0
2297094;78,203;0;0;0;2;0;4;99;99;4
2298618;78,252;0;0;0;1;0;3;99;99;3
2300118;78,299;0;0;0;0;0;2;99;99;2
2301618;78,346;4;0;0;0;0;1;99;99;1
2303118;78,392;3;0;0;0;0;0;99;99;0
2304618;78,44;2;0;0;0;0;6;99;99;0
2306118;78,488;1;0;0;0;0;5;99;99;4
2307618;78,536;0;0;0;0;0;4;99;99;3
2309118;78,582;0;0;4;0;0;3;99;99;2
2310618;78,628;0;0;3;0;0;2;99;99;1
2312118;78,674;0;0;2;0;0;1;99;99;0
2313618;78,721;0;0;1;4;0;0;99;99;0
2315144;78,771;0;0;0;3;4;0;99;99;0
2316644;78,818;4;0;0;2;3;0;99;99;0
2318144;78,868;3;0;0;1;2;0;99;99;0
2319644;78,915;2;0;0;0;1;0;99;99;0
2321144;78,966;1;0;0;5;0;0;99;99;0
2322644;79,016;0;0;0;4;5;0;99;99;0
2324144;79,063;0;0;0;3;4;0;99;99;4
2325644;79,112;0;0;0;2;3;0;99;99;3
2327144;79,154;0;0;0;1;2;0;99;99;2
2328644;79,197;0;0;0;0;1;0;99;99;1
2330144;79,245;0;0;0;0;0;4;99;99;0
2331660;79,296;0;0;0;0;6;3;99;99;0
2333160;79,343;0;0;4;0;5;2;99;99;0
2334660;79,389;0;0;3;0;4;1;99;99;0
2336160;79,434;0;0;2;0;3;0;99;99;0
2337660;79,481;0;0;1;0;2;0;99;99;4
2339160;79,532;0;0;0;0;1;0;99;99;3
2340660;79,581;0;0;0;0;0;4;99;99;2
2342160;79,627;0;4;0;0;0;3;99;99;1
2343660;79,674;0;3;0;0;0;2;99;99;0
2345160;79,72;0;2;0;4;0;1;99;99;0
2346660;79,767;0;1;0;3;0;0;99;99;0
2348186;79,825;0;0;0;2;4;0;99;99;0
2349686;79,875;0;0;4;1;3;0;99;99;0
2351186;79,923;0;0;3;0;2;0;99;99;0
2352686;79,972;0;0;2;5;1;0;99;99;0
2354186;80,02;0;0;1;4;0;0;99;99;0
2355686;80,068;0;0;0;3;5;0;99;99;0
2357186;80,117;0;0;0;2;4;4;99;99;0
2358686;80,163;0;0;0;1;3;3;99;99;0
2360186;80,211;0;0;0;0;2;2;99;99;0
2361686;80,256;0;0;4;0;1;1;99;99;0
2363186;80,302;0;0;3;0;0;0;99;99;0
2364705;80,355;0;0;2;0;6;0;99;99;0
2366205;80,401;0;0;1;4;5;0;99;99;0
2367705;80,448;0;0;0;3;4;0;99;99;0
2369205;80,498;0;0;0;2;3;4;99;99;0
2370705;80,545;0;0;0;1;2;3;99;99;0
2372205;80,591;0;0;0;0;1;2;99;99;0
2373705;80,637;4;0;0;0;0;1;99;99;0
2375205;80,686;3;4;0;0;0;0;99;99;0
2376705;80,733;2;3;0;0;4;0;99;99;0
2378205;80,78;1;2;0;0;3;0;99;99;0
2379705;80,83;0;1;0;0;2;0;99;99;0
2381229;80,879;0;0;0;0;1;4;99;99;0
2382729;80,925;0;0;4;0;0;3;99;99;0
2384229;80,972;0;4;3;0;0;2;99;99;0
2385729;81,018;0;3;2;0;0;1;99;99;0
2387229;81,064;0;2;1;0;0;0;99;99;0
2388729;81,115;0;1;0;4;0;0;99;99;0
2390229;81,165;0;0;0;3;4;0;99;99;0
2391729;81,213;4;0;0;2;3;0;99;99;0
2393229;81,262;3;0;0;1;2;0;99;99;0
2394729;81,31;2;0;0;0;1;0;99;99;0
2396229;81,361;1;0;0;5;0;0;99;99;0
2397753;81,412;0;0;0;4;5;0;99;99;0
2399253;81,462;0;0;4;3;4;0;99;99;0
2400753;81,511;0;0;3;2;3;0;99;99;0
2402253;81,557;0;0;2;1;2;0;99;99;0
2403753;81,603;0;0;1;0;1;0;99;99;0
2405253;81,652;0;0;0;0;0;4;99;99;0
2406753;81,7;0;4;0;0;0;3;99;99;0
2408253;81,746;0;3;0;4;0;2;99;99;0
2409753;81,792;0;2;0;3;0;1;99;99;0
2411253;81,838;0;1;0;2;0;0;99;99;0
2412753;81,886;0;0;0;1;0;5;99;99;0
2414274;81,935;0;5;0;0;0;4;99;99;0
2415774;81,981;0;4;4;0;0;3;99;99;0
2417274;82,028;0;3;3;0;0;2;99;99;0
2418774;82,077;0;2;2;0;0;1;99;99;0
2420274;82,123;0;1;1;0;0;0;99;99;0
2421774;82,172;0;0;0;0;4;0;99;99;0
2423274;82,22;0;0;0;4;3;0;99;99;0
2424774;82,27;0;0;0;3;2;4;99;99;0
2426274;82,317;0;0;0;2;1;3;99;99;0
2427774;82,363;0;0;0;1;0;2;99;99;0
2429274;82,412;4;0;0;0;0;1;99;99;0
2430792;82,462;3;4;0;0;0;0;99;99;0
2432292;82,511;2;3;0;0;0;5;99;99;0
2433792;82,559;1;2;0;0;0;4;99;99;0
2435292;82,607;0;1;0;0;0;3;99;99;0
2436792;82,657;0;0;4;0;0;2;99;99;0
2438292;82,706;4;0;3;0;0;1;99;99;0
2439792;82,753;3;0;2;0;0;0;99;99;0
2441292;82,801;2;4;1;0;0;0;99;99;0
2442792;82,851;1;3;0;0;0;0;99;99;0
2444292;82,903;0;2;0;4;0;0;99;99;0
2445792;82,951;0;1;0;3;0;4;99;99;0
2447313;83,0;0;0;0;2;0;3;99;99;0
2448813;83,048;0;0;4;1;0;2;99;99;0
2450313;83,097;0;0;3;0;0;1;99;99;0
2451813;83,147;0;0;2;5;0;0;99;99;0
2453313;83,195;0;0;1;4;4;0;99;99;0
2454813;83,241;0;0;0;3;3;0;99;99;0
2456313;83,289;0;4;0;2;2;0;99;99;0
2457813;83,338;0;3;0;1;1;0;99;99;0
2459313;83,386;0;2;0;0;0;0;99;99;0
2460813;83,434;0;1;0;0;5;0;99;99;0
2462313;83,481;0;0;0;4;4;0;99;99;0
2463832;83,532;0;0;4;3;3;0;99;99;0
2465332;83,583;0;0;3;2;2;0;99;99;0
2466832;83,631;0;0;2;1;1;0;99;99;0
2468332;83,661;0;0;1;0;0;0;99;99;0
2469832;83,692;0;0;0;0;6;0;99;99;0
2471332;83,724;0;0;0;0;5;4;99;99;0
2472832;83,764;0;4;0;0;4;3;99;99;0
2474332;83,81;0;3;0;0;3;2;99;99;0
2475832;83,857;0;2;0;0;2;1;99;99;0
2477332;83,904;0;1;0;0;1;0;99;99;0
2478832;83,954;0;0;0;4;0;0;99;99;0
2480352;84,002;0;0;0;3;7;0;99;99;0
2481852;84,051;0;4;0;2;6;0;99;99;0
2483352;84,101;0;3;0;1;5;0;99;99;0
2484852;84,156;0;2;0;0;4;0;99;99;0
2486352;84,204;0;1;4;0;3;0;99;99;0
2487852;84,253;0;0;3;0;2;0;99;99;0
2489352;84,303;0;0;2;4;1;0;99;99;0
2490852;84,351;0;0;1;3;0;0;99;99;0
2492352;84,401;0;0;0;2;0;4;99;99;0
2493852;84,452;4;0;0;1;0;3;99;99;0
2495352;84,503;3;0;0;0;0;2;99;99;0
2496874;84,555;2;0;0;5;0;1;99;99;0
2498374;84,604;1;0;0;4;0;0;99;99;0
2499874;84,653;0;0;4;3;0;0;99;99;0
2501374;84,704;0;4;3;2;0;0;99;99;0
2502874;84,751;0;3;2;1;0;0;99;99;0
2504374;84,799;0;2;1;0;0;0;99;99;0
2505874;84,848;0;1;0;6;0;0;99;99;0
2507374;84,896;0;0;0;5;4;0;99;99;0
2508874;84,942;0;0;4;4;3;0;99;99;0
2510374;84,989;0;0;3;3;2;0;99;99;0
2511874;85,038;0;0;2;2;1;0;99;99;0
2513396;85,09;0;0;1;1;0;0;99;99;0
2514896;85,1